retired_position_id,surviving_position_id,reason,report_date,natural_key
POS-00323716,POS-00013584,chain_merge,2023-03-31,"0001414932|bdc|2023-03-31|Renaissance Holding Corp., First Lien Term Loan|6982000.0|"
POS-00323718,POS-00013643,chain_merge,2023-06-30,"0001414932|bdc|2023-06-30|Access CIG, LLC, Diversified Support Services, First Lien Term Loan|5596000.0|"
POS-00165197,POS-00014226,chain_merge,2025-09-30,"0001414932|bdc|2025-09-30|Astro Acquisition LLC, First Lien Term Loan|1620000.0|"
POS-00323730,POS-00165087,chain_merge,2025-09-30,"0001414932|bdc|2025-09-30|Astro Acquisition LLC, First Lien Term Loan|4380000.0|"
POS-00323732,POS-00014403,chain_merge,2025-12-31,"0001414932|bdc|2025-12-31|ProAmpac LLC, First Lien Term Loan|1147000.0|"
POS-00323976,POS-00015006,chain_merge,2022-09-30,"0001422183|bdc|2022-09-30|Pretium Partners LLC P2, Term Loan, Asset Based Finance, Real Estate|33500000.0|"
POS-00324042,POS-00015561,chain_merge,2023-09-30,"0001422183|bdc|2023-09-30|Apex Group Limited, Financial Services|40000000.0|"
POS-00324044,POS-00015620,chain_merge,2023-09-30,"0001422183|bdc|2023-09-30|Wittur Holding GmbH, Capital Goods 2|20900000.0|"
POS-00022142,POS-00022141,chain_merge,2023-03-31,"0001496099|bdc|2023-03-31|Greenway Health, LLC (fka Vitera Healthcare Solutions, LLC), First lien - Funded|14181000.0|"
POS-00022214,POS-00022141,chain_merge,2023-09-30,"0001496099|bdc|2023-09-30|Greenway Health, LLC (fka Vitera Healthcare Solutions, LLC), First lien - Funded|14106000.0|"
POS-00325278,POS-00022602,chain_merge,2025-03-31,"0001496099|bdc|2025-03-31|MH Sub I, LLC (Micro Holding Corp.) 1, First lien - Funded|5443000.0|"
POS-00022702,POS-00022603,chain_merge,2025-03-31,"0001496099|bdc|2025-03-31|MH Sub I, LLC (Micro Holding Corp.) 2, First lien - Funded|3620000.0|"
POS-00325277,POS-00022701,chain_merge,2025-06-30,"0001496099|bdc|2025-06-30|MH SUB I, LLC 1, First lien - Funded|9810000.0|"
POS-00325278,POS-00325277,chain_merge,2025-06-30,"0001496099|bdc|2025-06-30|MH SUB I, LLC 2, First lien - Funded|4203000.0|"
POS-00325279,POS-00022711,chain_merge,2025-06-30,"0001496099|bdc|2025-06-30|Nielsen Consumer Inc., First lien - Funded|15257000.0|"
POS-00325281,POS-00022797,chain_merge,2025-12-31,0001496099|bdc|2025-12-31|Funded Investments - First lien | Berlin Packaging L.L.C.|4927000.0|
POS-00325283,POS-00022801,chain_merge,2025-12-31,"0001496099|bdc|2025-12-31|Funded Investments - First lien | Clydesdale Acquisition Holdings, Inc.|5521000.0|"
POS-00325280,POS-00022802,chain_merge,2025-12-31,0001496099|bdc|2025-12-31|Funded Investments - First lien | Embecta Corp.|4002000.0|
POS-00325282,POS-00022804,chain_merge,2025-12-31,"0001496099|bdc|2025-12-31|Funded Investments - First lien | LTR Intermediate Holdings, Inc.|7917000.0|"
POS-00325287,POS-00022806,chain_merge,2025-12-31,"0001496099|bdc|2025-12-31|Funded Investments - First lien | Nielsen Consumer, Inc.|5771000.0|"
POS-00325284,POS-00022809,chain_merge,2025-12-31,0001496099|bdc|2025-12-31|Funded Investments - First lien | Orion Midco Ltd|5237000.0|
POS-00325285,POS-00022811,chain_merge,2025-12-31,"0001496099|bdc|2025-12-31|Funded Investments - First lien | Physician Partners, LLC 1|2360000.0|"
POS-00325289,POS-00022812,chain_merge,2025-12-31,"0001496099|bdc|2025-12-31|Funded Investments - First lien | Physician Partners, LLC 2|2805000.0|"
POS-00022813,POS-00022797,chain_merge,2025-12-31,"0001496099|bdc|2025-12-31|Funded Investments - First lien | Pioneer AcquisitionCo, LLC|5046000.0|"
POS-00325286,POS-00022814,chain_merge,2025-12-31,"0001496099|bdc|2025-12-31|Funded Investments - First lien | Quartz AcquireCo, LLC|1477000.0|"
POS-00325287,POS-00022815,chain_merge,2025-12-31,0001496099|bdc|2025-12-31|Funded Investments - First lien | Secretariat Advisors LLC|6110000.0|
POS-00325288,POS-00022817,chain_merge,2025-12-31,"0001496099|bdc|2025-12-31|Funded Investments - First lien | SonarSource Financing, LLC|11485000.0|"
POS-00325289,POS-00325285,chain_merge,2025-12-31,0001496099|bdc|2025-12-31|Funded Investments - First lien | TransDigm Inc. 2|2106000.0|
POS-00331107,POS-00040006,chain_merge,2023-03-31,"0001655888|bdc|2023-03-31|Cadence, Inc., First lien senior secured loan 2|2202000.0|"
POS-00222637,POS-00057412,chain_merge,2022-09-30,"0001803498|bdc|2022-09-30|HS Purchaser, LLC 1|52563000.0|"
POS-00222637,POS-00057412,chain_merge,2022-09-30,"0001803498|bdc|2022-09-30|HS Purchaser, LLC 2|71000000.0|"
POS-00222665,POS-00057428,chain_merge,2022-09-30,"0001803498|bdc|2022-09-30|Idera, Inc. 1|58022000.0|"
POS-00222665,POS-00057428,chain_merge,2022-09-30,"0001803498|bdc|2022-09-30|Idera, Inc. 2|30331000.0|"
POS-00222731,POS-00057492,chain_merge,2022-09-30,"0001803498|bdc|2022-09-30|Mic Glen, LLC|19000000.0|"
POS-00337327,POS-00057499,chain_merge,2022-09-30,"0001803498|bdc|2022-09-30|Mitnick Purchaser, Inc. 2|7449000.0|"
POS-00337537,POS-00057668,chain_merge,2022-09-30,"0001803498|bdc|2022-09-30|USI, Inc.|3482000.0|"
POS-00059373,POS-00059188,chain_merge,2023-12-31,"0001803498|bdc|2023-12-31|Apex Group Treasury, LLC , Emerald JV LP|61380000.0|"
POS-00059373,POS-00059188,chain_merge,2024-03-31,"0001803498|bdc|2024-03-31|Apex Group Treasury, LLC 2, Emerald JV LP|61225000.0|"
POS-00337641,POS-00062048,chain_merge,2025-12-31,"0001803498|bdc|2025-12-31|Orion US Finco, Inc. 2|6000000.0|"
POS-00062162,POS-00062161,chain_merge,2025-12-31,"0001803498|bdc|2025-12-31|Victory Buyer, LLC 2|24677000.0|"
POS-00337709,POS-00064444,chain_merge,2023-06-30,"0001812554|bdc|2023-06-30|Dermatology Intermediate Holdings III, Inc., First lien senior secured delayed draw term loan|1781000.0|"
POS-00337708,POS-00064585,chain_merge,2023-09-30,0001812554|bdc|2023-09-30|Boxer Parent Company Inc.|3123000.0|
POS-00337711,POS-00064729,chain_merge,2023-09-30,0001812554|bdc|2023-09-30|Nouryon Finance B.V.|5985000.0|
POS-00337715,POS-00064965,chain_merge,2024-03-31,"0001812554|bdc|2024-03-31|Dealer Tire Financial, LLC|5905000.0|"
POS-00337712,POS-00065031,chain_merge,2024-03-31,"0001812554|bdc|2024-03-31|Quikrete Holdings, Inc. 1|2657000.0|"
POS-00337715,POS-00064965,chain_merge,2024-06-30,"0001812554|bdc|2024-06-30|Dealer Tire Financial, LLC, First lien senior secured loan 1|5890000.0|"
POS-00337723,POS-00065679,chain_merge,2025-09-30,"0001812554|bdc|2025-09-30|Walker Edison Furniture Company LLC, First lien senior secured loan 2|605000.0|"
POS-00338450,POS-00082033,chain_merge,2025-06-30,"0001890107|bdc|2025-06-30|Debt Financial Services Apella Capital, LLC (Delayed Draw) Region United States Reference Rate and Spread S + 6.50% Interest Rate Floor 1.00% Interest Rate 10.77% Maturity Date 3/1/2029|294000.0|"
POS-00338451,POS-00338450,chain_merge,2025-06-30,"0001890107|bdc|2025-06-30|Debt Financial Services Apella Capital, LLC (Revolver) Region United States Reference Rate and Spread S + 6.50% Interest Rate Floor 1.00% Interest Rate 10.82% Maturity Date 3/1/2029|349000.0|"
POS-00014226,POS-00338751,chain_split,2025-12-31,"0001414932|bdc|2025-12-31|Astro Acquisition LLC, First Lien Term Loan|4369000.0|"
POS-00015006,POS-00338752,chain_split,2022-09-30,"0001422183|bdc|2022-09-30|Pretium Partners LLC P2, Term Loan, Asset Based Finance, Real Estate|33500000.0|"
POS-00019701,POS-00338753,chain_split,2025-12-31,"0001476765|bdc|2025-12-31|GFP Atlantic Holdco 2, LLC | One stop 12|796000.0|"
POS-00022141,POS-00338754,chain_split,2023-09-30,"0001496099|bdc|2023-09-30|Greenway Health, LLC (fka Vitera Healthcare Solutions, LLC), First lien - Funded|14106000.0|"
POS-00022802,POS-00338755,chain_split,2025-12-31,0001496099|bdc|2025-12-31|Funded Investments - First lien | Embecta Corp.|4002000.0|
POS-00022804,POS-00338756,chain_split,2025-12-31,"0001496099|bdc|2025-12-31|Funded Investments - First lien | LTR Intermediate Holdings, Inc.|7917000.0|"
POS-00022809,POS-00338757,chain_split,2025-12-31,0001496099|bdc|2025-12-31|Funded Investments - First lien | Orion Midco Ltd|5237000.0|
POS-00022811,POS-00338758,chain_split,2025-12-31,"0001496099|bdc|2025-12-31|Funded Investments - First lien | Physician Partners, LLC 1|2360000.0|"
POS-00022797,POS-00338759,chain_split,2025-12-31,"0001496099|bdc|2025-12-31|Funded Investments - First lien | Pioneer AcquisitionCo, LLC|5046000.0|"
POS-00022814,POS-00338760,chain_split,2025-12-31,"0001496099|bdc|2025-12-31|Funded Investments - First lien | Quartz AcquireCo, LLC|1477000.0|"
POS-00022815,POS-00338761,chain_split,2025-12-31,0001496099|bdc|2025-12-31|Funded Investments - First lien | Secretariat Advisors LLC|6110000.0|
POS-00022817,POS-00338762,chain_split,2025-12-31,"0001496099|bdc|2025-12-31|Funded Investments - First lien | SonarSource Financing, LLC|11485000.0|"
POS-00178365,POS-00338763,chain_split,2026-03-31,"0001496099|bdc|2026-03-31|Funded Investments - First lien | CoreLogic, Inc. (fka First American Corporation, The)|798000.0|"
POS-00039440,POS-00338764,chain_split,2026-03-31,0001655887|bdc|2026-03-31|EOS Finco S.A.R.L (dba Netceed) | First lien senior secured loan|2115000.0|
POS-00040006,POS-00338765,chain_split,2023-03-31,"0001655888|bdc|2023-03-31|Cadence, Inc., First lien senior secured loan 2|2202000.0|"
POS-00040651,POS-00338766,chain_split,2026-03-31,0001655888|bdc|2026-03-31|EOS Finco S.A.R.L (dba Netceed) | First lien senior secured loan|7537000.0|
POS-00045559,POS-00338767,chain_split,2026-03-31,"0001736035|bdc|2026-03-31|Inovalon Holdings, Inc. 2|16685000.0|"
POS-00045118,POS-00338768,chain_split,2026-03-31,"0001736035|bdc|2026-03-31|Stepping Stones Healthcare Services, LLC|3101000.0|"
POS-00057412,POS-00338769,chain_split,2022-09-30,"0001803498|bdc|2022-09-30|HS Purchaser, LLC 2|71000000.0|"
POS-00057428,POS-00338770,chain_split,2022-09-30,"0001803498|bdc|2022-09-30|Idera, Inc. 2|30331000.0|"
POS-00057492,POS-00338771,chain_split,2022-09-30,"0001803498|bdc|2022-09-30|Mic Glen, LLC|19000000.0|"
POS-00059188,POS-00338772,chain_split,2024-03-31,"0001803498|bdc|2024-03-31|Apex Group Treasury, LLC 2, Emerald JV LP|61225000.0|"
POS-00062048,POS-00338773,chain_split,2025-12-31,"0001803498|bdc|2025-12-31|Orion US Finco, Inc. 2|6000000.0|"
POS-00062161,POS-00338774,chain_split,2025-12-31,"0001803498|bdc|2025-12-31|Victory Buyer, LLC 2|24677000.0|"
POS-00061835,POS-00338775,chain_split,2026-03-31,"0001803498|bdc|2026-03-31|CRC Insurance Group, LLC 2|9651000.0|"
POS-00061963,POS-00338776,chain_split,2026-03-31,"0001803498|bdc|2026-03-31|Icebox Holdco III, Inc.|8818000.0|"
POS-00060463,POS-00338777,chain_split,2026-03-31,"0001803498|bdc|2026-03-31|Stepping Stones Healthcare Services, LLC|205213000.0|"
POS-00064965,POS-00338778,chain_split,2024-06-30,"0001812554|bdc|2024-06-30|Dealer Tire Financial, LLC, First lien senior secured loan 1|5890000.0|"
POS-00065679,POS-00338779,chain_split,2025-09-30,"0001812554|bdc|2025-09-30|Walker Edison Furniture Company LLC, First lien senior secured loan 2|605000.0|"
POS-00065846,POS-00338780,chain_split,2026-03-31,0001812554|bdc|2026-03-31|EOS Finco S.A.R.L (dba Netceed) | First lien senior secured loan|16711000.0|
POS-00072120,POS-00338781,chain_split,2026-03-31,0001838126|bdc|2026-03-31|Daphne S.P.A.|23347000.0|
POS-00071332,POS-00338782,chain_split,2026-03-31,"0001838126|bdc|2026-03-31|Pareto Health Intermediate Holdings, Inc. 3||20394000.0"
