cik,report_date,accession_number,bdc_investment_identifier,field,value,reason,source_evidence,author,date_added
0001655050,2024-06-30,0000950170-24-091840,"High Tech Industries Element Buyer, Inc. First Lien Senior Secured Loan SOFR Spread 6.10% Interest Rate 11.44% Maturity Date 7/19/2026",fair_value,7480000,Raw XBRL current-period fact has FV=7480000 but unified row is blank; confirmed exact identifier match in bdc_holdings.csv,bdc_holdings.csv:cik=1655050:acc=0000950170-24-091840:period=2024-06-30,c101-investigation-2026-05-11,2026-05-11
0001655050,2024-09-30,0000950170-24-121464,"Retail Thrasio, LLC Equity Interest One",fair_value,213000,Raw XBRL current-period fact has FV=213000 but unified row is blank; confirmed exact identifier match in bdc_holdings.csv,bdc_holdings.csv:cik=1655050:acc=0000950170-24-121464:period=2024-09-30,c101-investigation-2026-05-11,2026-05-11
0001655050,2024-12-31,0000950170-25-029152,"Hotel, Gaming & Leisure Pyramid Global Hospitality First Lien Senior Secured Loan SOFR Spread 5.25% Interest Rate 9.88% Maturity Date 1/19/2028",fair_value,15720000,Raw XBRL current-period fact has FV=15720000 but unified row is blank; confirmed exact identifier match in bdc_holdings.csv,bdc_holdings.csv:cik=1655050:acc=0000950170-25-029152:period=2024-12-31,c101-investigation-2026-05-11,2026-05-11
0001655050,2025-03-31,0000950170-25-063596,Healthcare & Pharmaceuticals Red Nucleus First Lien Senior Secured Loan SOFR Spread 5.25% Interest Rate 9.55% Maturity Date 10/17/2031,fair_value,16291000,Raw XBRL current-period fact has FV=16291000 but unified row is blank; confirmed exact identifier match in bdc_holdings.csv,bdc_holdings.csv:cik=1655050:acc=0000950170-25-063596:period=2025-03-31,c101-investigation-2026-05-11,2026-05-11
0001655050,2025-06-30,0000950170-25-103202,"Retail Thrasio, LLC Equity Interest One",fair_value,0,"Raw XBRL current-period fact has FV=0 (zero, not missing) but unified row is blank; confirmed exact identifier match in bdc_holdings.csv",bdc_holdings.csv:cik=1655050:acc=0000950170-25-103202:period=2025-06-30,c101-investigation-2026-05-11,2026-05-11
0000845385,2025-06-30,0001213900-25-075759,"Rockfish Seafood Grill, Inc. - Revolving Loan",fair_value,2251000,Raw XBRL current-period fact has FV=2251000 but unified row is blank; affiliation-stripped identifier match in bdc_holdings.csv,bdc_holdings.csv:cik=845385:acc=0001213900-25-075759:period=2025-06-30,c101-investigation-2026-05-11,2026-05-11
0000845385,2025-09-30,0001213900-25-110066,"Rockfish Seafood Grill, Inc. - Revolving Loan",fair_value,2251000,Raw XBRL current-period fact has FV=2251000 but unified row is blank; affiliation-stripped identifier match in bdc_holdings.csv,bdc_holdings.csv:cik=845385:acc=0001213900-25-110066:period=2025-09-30,c101-investigation-2026-05-11,2026-05-11
0000845385,2025-12-31,0001213900-26-036469,"Rockfish Seafood Grill, Inc. - Revolving Loan",fair_value,2433581,Raw XBRL current-period fact has FV=2433581 but unified row is blank; affiliation-stripped identifier match in bdc_holdings.csv,bdc_holdings.csv:cik=845385:acc=0001213900-26-036469:period=2025-12-31,c101-investigation-2026-05-11,2026-05-11
0001655050,2025-03-31,0000950170-25-063596,Healthcare & Pharmaceuticals Red Nucleus First Lien Senior Secured Loan SOFR Spread 5.25% Interest Rate 9.55% Maturity Date 10/17/2031,principal_amount,16414000,Raw XBRL current-period fact has PA=16414000 but unified row is blank; same row as FV correction above,bdc_holdings.csv:cik=1655050:acc=0000950170-25-063596:period=2025-03-31,c101-investigation-2026-05-11,2026-05-11
