cik,entity_name,previous_name,changed,fetched_date,source
0000017313,CAPITAL SOUTHWEST CORP,CAPITAL SOUTHWEST CORP,False,2026-07-12,sec_submissions
0000054175,ADVANTAGE CAPITAL DEVELOPMENT CORP,CEC INDUSTRIES CORP  (CIK 0000054175),True,2026-07-12,sec_submissions
0000081955,RAND CAPITAL CORP,RAND CAPITAL CORP  (RAND)  (CIK 0000081955),True,2026-07-12,sec_submissions
0000095047,DEER VALLEY CORP,CYTATION CORP  (CIK 0000095047),True,2026-07-12,sec_submissions
0000317438,"CLX MEDICAL, INC.",CLX ENERGY INC  (CIK 0000317438),True,2026-07-12,sec_submissions
0000755328,NeoTactix Corp,ENTREMETRIX CORP  (CIK 0000755328),True,2026-07-12,sec_submissions
0000793986,CITY CAPITAL CORP,SYNTHETIC TURF CORP OF AMERICA  (CIK 0000793986),True,2026-07-12,sec_submissions
0000810270,"STARINVEST GROUP, INC.",EXUS GLOBAL  INC  (CIK 0000810270),True,2026-07-12,sec_submissions
0000810943,HIGH INCOME SECURITIES FUND,High Income Securities Fund,False,2026-07-12,sec_submissions
0000812805,ATLANTIS TECHNOLOGY GROUP,MEDPLUS CORP  (CIK 0000812805),True,2026-07-12,sec_submissions
0000813623,Total Return Securities Fund,Total Return Securities Fund  (SWZ)  (CIK 0000813623),True,2026-07-12,sec_submissions
0000821524,CHINA DIGITAL MEDIA CORP,HAIRMAX INTERNATIONAL INC  (CIK 0000821524),True,2026-07-12,sec_submissions
0000826674,GROUP MANAGEMENT CORP,GROUP MANAGEMENT CORP  (CIK 0000826674),False,2026-07-12,sec_submissions
0000842722,"Fuse Science, Inc.","Double Eagle Holdings, Ltd.  (DROP)  (CIK 0000842722)",True,2026-07-12,sec_submissions
0000845385,PRINCETON CAPITAL CORP,REGAL ONE CORP  (PIAC)  (CIK 0000845385),True,2026-07-12,sec_submissions
0000853180,Invesco Senior Loan Fund,Invesco Senior Loan Fund,False,2026-07-12,sec_submissions
0000863900,MEXICO EQUITY & INCOME FUND INC,Mexico Equity & Income Fund Inc,False,2026-07-12,sec_submissions
0000878802,Quadrant 4 System Corp,SUN NETWORK GROUP INC  (CIK 0000878802),True,2026-07-12,sec_submissions
0000888702,"COUPON EXPRESS, INC.",BIOFARM INC  (CIK 0000888702),True,2026-07-12,sec_submissions
0000897419,NUVEEN MASSACHUSETTS QUALITY MUNICIPAL INCOME FUND,NUVEEN MASSACHUSETTS QUALITY MUNICIPAL INCOME FUND  (NMT)  (CIK 0000897419),True,2026-07-12,sec_submissions
0000912844,"INVENT Ventures, Inc.",Small Cap Strategies Inc  (CIK 0000912844),True,2026-07-12,sec_submissions
0000944020,"GREEN GLOBE INTERNATIONAL, INC.",GTREX INC  (CIK 0000944020),True,2026-07-12,sec_submissions
0001006459,Timios National Corp,CELERITY SYSTEMS INC  (CIK 0001006459),True,2026-07-12,sec_submissions
0001019852,"Sovereign Exploration Associates International, Inc.",TS&B HOLDINGS INC  (CIK 0001019852),True,2026-07-12,sec_submissions
0001040415,ENDOVASC INC,ENDOVASC INC  (CIK 0001040415),False,2026-07-12,sec_submissions
0001042482,SOUTHERN STATES POWER CO INC,SOUTHERN STATES POWER CO INC  (CIK 0001042482),False,2026-07-12,sec_submissions
0001047557,BERTHEL SBIC LLC,BERTHEL SBIC LLC  (CIK 0001047557),False,2026-07-12,sec_submissions
0001054311,"US FARMS, INC.",SAN DIEGO SOCCER DEVELOPMENT CORP  (CIK 0001054311),True,2026-07-12,sec_submissions
0001057327,"MONKEY ROCK GROUP, INC.",COMCAM INC  (CIK 0001057327),True,2026-07-12,sec_submissions
0001061353,CREDIT SUISSE HIGH YIELD CREDIT FUND,CREDIT SUISSE HIGH YIELD CREDIT FUND  (DHY)  (CIK 0001061353),True,2026-07-12,sec_submissions
0001065468,"OLM VENTURES, INC.","OLM VENTURES, INC.  (CIK 0001065468)",False,2026-07-12,sec_submissions
0001065598,"DigitalTown, Inc.",ENETPC INC  (CIK 0001065598),True,2026-07-12,sec_submissions
0001077800,"ACCEL BRANDS, INC.",FINANCIAL INTRANET INC/NY  (CIK 0001077800),True,2026-07-12,sec_submissions
0001084133,"Real Brands, Inc.",AUSSIE APPAREL GROUP LTD  (RLBD)  (CIK 0001084133),True,2026-07-12,sec_submissions
0001084263,MICHELEX CORP,MICHELEX CORP  (CIK 0001084263),False,2026-07-12,sec_submissions
0001089773,"NORTIA CAPITAL PARTNERS, INC.","NORTIA CAPITAL PARTNERS, INC.  (CIK 0001089773)",False,2026-07-12,sec_submissions
0001090870,21ST CENTURY TECHNOLOGIES INC,21ST CENTURY TECHNOLOGIES INC  (CIK 0001090870),False,2026-07-12,sec_submissions
0001092448,"NUMOBILE, INC.",THOROUGHBRED INTERESTS INC  (CIK 0001092448),True,2026-07-12,sec_submissions
0001094788,"Integrative Health Technologies, Inc.",SENTICORE INC  (CIK 0001094788),True,2026-07-12,sec_submissions
0001095133,ISA INTERNATIONALE INC,ISA INTERNATIONALE INC  (CIK 0001095133),False,2026-07-12,sec_submissions
0001096935,"American BioCare, Inc.",MNS EAGLE EQUITY GROUP INC /  (CIK 0001096935),True,2026-07-12,sec_submissions
0001096938,"United Health Products, Inc.",United EcoEnergy Corp.  (UEEC)  (CIK 0001096938),True,2026-07-12,sec_submissions
0001100748,"CLEAN ENERGY & POWER, INC.",5 G WIRELESS COMMUNICATIONS INC  (CIK 0001100748),True,2026-07-12,sec_submissions
0001102414,Westport Energy Holdings Inc.,GREENWORKS CORP  (CIK 0001102414),True,2026-07-12,sec_submissions
0001104673,ENTERTAINMENT CAPITAL CORP,ALEXANDRIA HOLDINGS INC  (CIK 0001104673),True,2026-07-12,sec_submissions
0001105301,"BRONCO ENERGY, INC.",GREEN CLOVER LUCK CORP  (CIK 0001105301),True,2026-07-12,sec_submissions
0001105307,MARKET INTEGRITY INC,MARKET INTEGRITY INC  (CIK 0001105307),False,2026-07-12,sec_submissions
0001105310,PAR 3 SERVICES INC,PAR 3 SERVICES INC  (CIK 0001105310),False,2026-07-12,sec_submissions
0001105413,Rudy 45,PHC Holdings  (CIK 0001105413),True,2026-07-12,sec_submissions
0001106838,"Sonnet BioTherapeutics Holdings, Inc.","Chanticleer Holdings, Inc.  (SONN)  (CIK 0001106838)",True,2026-07-12,sec_submissions
0001107809,HYDROFLO INC,HYDROFLO INC  (CIK 0001107809),False,2026-07-12,sec_submissions
0001107998,CLICKER INC.,Giant Jr. Investments Corp.  (CIK 0001107998),True,2026-07-12,sec_submissions
0001109697,"Encounter Technologies, Inc.","Encounter Technologies, Inc.  (CIK 0001109697)",False,2026-07-12,sec_submissions
0001110737,UNICO INC /AZ/,UNICO INC /AZ/  (CIK 0001110737),False,2026-07-12,sec_submissions
0001111391,AMERICAN ENERGY PRODUCTION INC,AMERICAN ENERGY PRODUCTION INC  (CIK 0001111391),False,2026-07-12,sec_submissions
0001114098,AMERICAN CAPITAL PARTNERS LIMITED INC,AMERICAN CAPITAL PARTNERS LIMITED INC  (CIK 0001114098),False,2026-07-12,sec_submissions
0001118974,"30DC, INC.","INFINITY CAPITAL GROUP, INC.  (CIK 0001118974)",True,2026-07-12,sec_submissions
0001120210,"DCI USA, INC","DCI USA, INC  (CIK 0001120210)",False,2026-07-12,sec_submissions
0001123312,"Humanoid, Inc.",NICHOLAS INVESTMENT CO INC  (CIK 0001123312),True,2026-07-12,sec_submissions
0001124959,VOYA CREDIT INCOME FUND,Voya Credit Income Fund,False,2026-07-12,sec_submissions
0001128949,Global Resource CORP,ADVANCED HEALTHCARE TECHNOLOGIES INC  (CIK 0001128949),True,2026-07-12,sec_submissions
0001132686,"Aventura Equities, Inc.",INDIGINET INC/FL  (CIK 0001132686),True,2026-07-12,sec_submissions
0001133901,Morris Business Development Co,ELECTRONIC MEDIA CENTRAL CORP  (CIK 0001133901),True,2026-07-12,sec_submissions
0001136725,AMERICAN ENTERPRISE DEVELOPMENT CORP,A TIME TO GROW INC  (CIK 0001136725),True,2026-07-12,sec_submissions
0001137587,"Renew Energy Resources, Inc.",ACS HOLDINGS INC  (CIK 0001137587),True,2026-07-12,sec_submissions
0001138654,ENEFTECH CORP,ENEFTECH CORP  (CIK 0001138654),False,2026-07-12,sec_submissions
0001140298,"iWorld Projects & Systems, Inc.",SILESIA ENTERPRISES INC  (CIK 0001140298),True,2026-07-12,sec_submissions
0001140299,"TheraBiogen, Inc.",TERRA TREMA INC  (CIK 0001140299),True,2026-07-12,sec_submissions
0001141299,MCG CAPITAL CORP,MCG CAPITAL CORP  (CIK 0001141299),False,2026-07-12,sec_submissions
0001143513,GLADSTONE CAPITAL CORP,GLADSTONE CAPITAL CORP,False,2026-07-12,sec_submissions
0001144499,GLOBAL LIFE SCIENCES INC,GLOBAL LIFE SCIENCES INC  (CIK 0001144499),False,2026-07-12,sec_submissions
0001158420,Green Giant Inc.,M GAB DEVELOPMENT CORP  (GGEI)  (CIK 0001158420),True,2026-07-12,sec_submissions
0001160598,"AERO PERFORMANCE PRODUCTS, INC.",BGR CORP  (CIK 0001160598),True,2026-07-12,sec_submissions
0001161647,"S3 INVESTMENT COMPANY, INC.",S3I HOLDINGS INC  (CIK 0001161647),True,2026-07-12,sec_submissions
0001176984,Eaton Vance Municipal Bond Fund,Eaton Vance Municipal Bond Fund,False,2026-07-12,sec_submissions
0001190711,TRIANGLE MEZZANINE FUND LLLP,TRIANGLE MEZZANINE FUND LLLP  (CIK 0001190711),False,2026-07-12,sec_submissions
0001199923,INTERNATIONAL ASSET GROUP INC,INTERNATIONAL ASSET GROUP INC  (CIK 0001199923),False,2026-07-12,sec_submissions
0001200934,OFC DISTRIBUTION CORP,OXFORD FINANCE CORP  (CIK 0001200934),True,2026-07-12,sec_submissions
0001221483,CAPITALSOUTH PARTNERS FUND II LP,CAPITALSOUTH PARTNERS FUND II LP  (CIK 0001221483),False,2026-07-12,sec_submissions
0001232860,"BlackRock Municipal Credit Alpha Portfolio, Inc.","BlackRock Municipal Credit Alpha Portfolio, Inc.",False,2026-07-12,sec_submissions
0001259429,Oxford Square Capital Corp.,"TECHNOLOGY INVESTMENT CAPITAL CORP  (OXSQ, OXSQG, OXSQZ)  (CIK 0001259429)",True,2026-07-12,sec_submissions
0001261166,NEUBERGER REAL ESTATE SECURITIES INCOME FUND INC,NEUBERGER REAL ESTATE SECURITIES INCOME FUND INC  (NRO)  (CIK 0001261166),True,2026-07-12,sec_submissions
0001271808,VENTURE LENDING & LEASING IV INC,VENTURE LENDING & LEASING IV INC  (CIK 0001271808),False,2026-07-12,sec_submissions
0001273534,BRANTLEY MEZZANINE CAPITAL CORP,BRANTLEY MEZZANINE CAPITAL CORP  (CIK 0001273534),False,2026-07-12,sec_submissions
0001278752,MidCap Financial Investment Corp,MIDCAP FINANCIAL INVESTMENT CORP,False,2026-07-12,sec_submissions
0001279014,ALLSPRING UTILITIES & HIGH INCOME FUND,ALLSPRING UTILITIES & HIGH INCOME FUND,False,2026-07-12,sec_submissions
0001279740,ONASSIS HOLDINGS CORP.,DEVELOCAP INC  (CIK 0001279740),True,2026-07-12,sec_submissions
0001280784,"Hercules Capital, Inc.","HERCULES CAPITAL, INC.",False,2026-07-12,sec_submissions
0001281845,"Unique Logistics International, Inc.",INNOCAP INC  (UNQL)  (CIK 0001281845),True,2026-07-12,sec_submissions
0001286685,EVERCORE INVESTMENT CORP,EVERCORE INVESTMENT CORP  (CIK 0001286685),False,2026-07-12,sec_submissions
0001286738,KKR BDC INC,KKR BDC INC  (CIK 0001286738),False,2026-07-12,sec_submissions
0001286848,BLACKRIDGE INVESTMENT CORP,BLACKRIDGE INVESTMENT CORP  (CIK 0001286848),False,2026-07-12,sec_submissions
0001286881,PORTICOES CAPITAL CORP,PORTICOES CAPITAL CORP  (CIK 0001286881),False,2026-07-12,sec_submissions
0001287032,PROSPECT CAPITAL CORP,PROSPECT CAPITAL CORP,False,2026-07-12,sec_submissions
0001287234,MARATHON CAPITAL FINANCE CORP,MARATHON CAPITAL FINANCE CORP  (CIK 0001287234),False,2026-07-12,sec_submissions
0001287243,THL INVESTMENT CAPITAL CORP,THL INVESTMENT CAPITAL CORP  (CIK 0001287243),False,2026-07-12,sec_submissions
0001287289,BLACKROCK KELSO CAPITAL,BLACKROCK KELSO CAPITAL  (CIK 0001287289),False,2026-07-12,sec_submissions
0001287671,ORCHARD FIRST SOURCE INC,ORCHARD FIRST SOURCE INC  (CIK 0001287671),False,2026-07-12,sec_submissions
0001287684,TRIARC DEERFIELD INVESTMENT CORP,TRIARC DEERFIELD INVESTMENT CORP  (CIK 0001287684),False,2026-07-12,sec_submissions
0001287750,ARES CAPITAL CORP,ARES CAPITAL CORP,False,2026-07-12,sec_submissions
0001287970,GLEACHER  INVESTMENT CORP,GLEACHER  INVESTMENT CORP  (CIK 0001287970),True,2026-07-12,sec_submissions
0001288156,GORES INVESTMENT CORP,GORES INVESTMENT CORP  (CIK 0001288156),False,2026-07-12,sec_submissions
0001294345,BLACKHAWK CAPITAL GROUP BDC INC,BLACKHAWK CAPITAL GROUP BDC INC  (CIK 0001294345),False,2026-07-12,sec_submissions
0001297704,OHA Investment Corp,NGP Capital Resources CO  (CIK 0001297704),True,2026-07-12,sec_submissions
0001300391,Eaton Vance Enhanced Equity Income Fund,Eaton Vance Enhanced Equity Income Fund,False,2026-07-12,sec_submissions
0001307901,"Girasolar, Inc.","Revolution Fighting, Inc.  (CIK 0001307901)",True,2026-07-12,sec_submissions
0001308569,MAJOR LEAGUE FOOTBALL INC,"Universal Capital Management, Inc.  (MLFB)  (CIK 0001308569)",True,2026-07-12,sec_submissions
0001317683,INTERIM CAPITAL CORP/NV,INTERIM CAPITAL CORP/NV  (CIK 0001317683),False,2026-07-12,sec_submissions
0001321560,"Patriot Capital Funding, Inc.","Patriot Capital Funding, Inc.  (CIK 0001321560)",False,2026-07-12,sec_submissions
0001321741,GLADSTONE INVESTMENT CORPORATION\DE,GLADSTONE INVESTMENT CORPORATIONDE,True,2026-07-12,sec_submissions
0001326003,BlackRock Capital Investment Corp,BlackRock Kelso Capital CORP  (CIK 0001326003),True,2026-07-12,sec_submissions
0001327557,"Earth Energy Reserves, Inc.",Asian American Business Development CO  (CIK 0001327557),True,2026-07-12,sec_submissions
0001329549,Liberator BDC Inc.,Liberator BDC Inc.  (CIK 0001329549),False,2026-07-12,sec_submissions
0001336050,"BlackRock Enhanced Government Fund, Inc.","BlackRock Enhanced Government Fund, Inc.",False,2026-07-12,sec_submissions
0001347652,"CorEnergy Infrastructure Trust, Inc.",TORTOISE CAPITAL RESOURCES CORP  (CIK 0001347652),True,2026-07-12,sec_submissions
0001354548,T-Equity Capital Corp.,T-Equity Capital Corp.  (CIK 0001354548),False,2026-07-12,sec_submissions
0001359272,IMPERIALI INC,IMPERIALI INC  (CIK 0001359272),False,2026-07-12,sec_submissions
0001363533,"Conihasset Capital Partners, Inc.","Conihasset Capital Partners, Inc.  (CIK 0001363533)",False,2026-07-12,sec_submissions
0001363890,KAYNE ANDERSON ENERGY DEVELOPMENT CO,KAYNE ANDERSON ENERGY DEVELOPMENT CO  (CIK 0001363890),False,2026-07-12,sec_submissions
0001366823,"Spring Creek Healthcare Systems, Inc.",SPRING CREEK CAPITAL CORP.  (CIK 0001366823),True,2026-07-12,sec_submissions
0001370754,"Special Value Continuation Partners, LLC","Special Value Continuation Partners, LP  (CIK 0001370754)",True,2026-07-12,sec_submissions
0001370755,BlackRock TCP Capital Corp.,BLACKROCK TCP CAPITAL CORP.,False,2026-07-12,sec_submissions
0001372807,BCP Investment Corp,"Kohlberg Capital, LLC  (PTMN)  (CIK 0001372807)",True,2026-07-12,sec_submissions
0001373641,"Highland Distressed Opportunities, Inc.","Highland Distressed Opportunities Fund, Inc.  (CIK 0001373641)",True,2026-07-12,sec_submissions
0001376067,"Venture Lending & Leasing V, Inc.","Venture Lending & Leasing V, Inc.  (CIK 0001376067)",False,2026-07-12,sec_submissions
0001376724,Superior Community Capital CORP,Superior Community Capital CORP  (CIK 0001376724),False,2026-07-12,sec_submissions
0001377936,SARATOGA INVESTMENT CORP.,"GSC Investment LLC  (SAJ, SAR, SAT, SAY, SAZ)  (CIK 0001377936)",True,2026-07-12,sec_submissions
0001379785,"Barings BDC, Inc.","BARINGS BDC, INC.",False,2026-07-12,sec_submissions
0001383414,PENNANTPARK INVESTMENT CORP,PENNANTPARK INVESTMENT CORP,False,2026-07-12,sec_submissions
0001387034,PLAINFIELD DIRECT INC,PLAINFIELD DIRECT INC  (CIK 0001387034),False,2026-07-12,sec_submissions
0001396440,Main Street Capital CORP,MAIN STREET CAPITAL CORP,False,2026-07-12,sec_submissions
0001396950,"Principal Structure Fund, Inc.","Principal Structure Fund, Inc.  (CIK 0001396950)",False,2026-07-12,sec_submissions
0001397081,"Residential Income Properties, Inc.","Residential Income Properties, Inc.  (CIK 0001397081)",False,2026-07-12,sec_submissions
0001400897,NXG Cushing Midstream Energy Fund,NXG Cushing Midstream Energy Fund  (SRV)  (CIK 0001400897),True,2026-07-12,sec_submissions
0001404641,FIDUS MEZZANINE CAPITAL LP,FIDUS MEZZANINE CAPITAL LP  (CIK 0001404641),False,2026-07-12,sec_submissions
0001410646,Principal Mortgage Fund Inc.,Principal Mortgage Fund Inc.  (CIK 0001410646),False,2026-07-12,sec_submissions
0001414932,Oaktree Specialty Lending Corp,OAKTREE SPECIALTY LENDING CORP,False,2026-07-12,sec_submissions
0001418076,SLR Investment Corp.,SLR INVESTMENT CORP.,False,2026-07-12,sec_submissions
0001422183,FS KKR Capital Corp,FS KKR CAPITAL CORP,False,2026-07-12,sec_submissions
0001425355,SUI Group Holdings Ltd.,"Mill City Ventures III, Ltd  (MCVT)  (CIK 0001425355)",True,2026-07-12,sec_submissions
0001425883,Independent Film Development CORP,Independent Film Development CORP  (CIK 0001425883),False,2026-07-12,sec_submissions
0001430415,"Encompass Energy Services, Inc.",Ametrine Capital Inc  (CIK 0001430415),True,2026-07-12,sec_submissions
0001439675,HT Capital CORP,HT Capital CORP  (CIK 0001439675),False,2026-07-12,sec_submissions
0001444706,CROSSROADS LIQUIDATING TRUST,KEATING CAPITAL INC  (CIK 0001444706),True,2026-07-12,sec_submissions
0001445175,"Xiamen Lutong International Travel Agency Co., Ltd.","HighLight Networks, Inc.  (CIK 0001445175)",True,2026-07-12,sec_submissions
0001447247,"Partners Group Private Equity Fund, LLC","Partners Group Private Equity Fund, LLC  (CIK 0001447247)",False,2026-07-12,sec_submissions
0001455656,"Rand Capital SBIC, Inc.","Rand Capital SBIC, Inc.  (CIK 0001455656)",False,2026-07-12,sec_submissions
0001462441,"CapitalSouth Partners SBIC Fund III, L.P.","CapitalSouth Partners SBIC Fund III, L.P.  (CIK 0001462441)",False,2026-07-12,sec_submissions
0001464791,Trian Capital Corp,Trian Capital Corp  (CIK 0001464791),False,2026-07-12,sec_submissions
0001464802,HCF Acquisition LLC,HCF Acquisition LLC  (CIK 0001464802),False,2026-07-12,sec_submissions
0001464963,"First Eagle Alternative Capital BDC, Inc.","THL Credit, Inc.  (CIK 0001464963)",True,2026-07-12,sec_submissions
0001467631,ACAP Strategic Fund,ACAP STRATEGIC FUND,False,2026-07-12,sec_submissions
0001471039,ZEA CAPITAL FUND LLC,ZEA CAPITAL FUND LLC  (CIK 0001471039),False,2026-07-12,sec_submissions
0001472215,Nuveen Mortgage & Income Fund/MA/,Nuveen Mortgage & Income Fund/MA/  (JLS)  (CIK 0001472215),True,2026-07-12,sec_submissions
0001476765,"GOLUB CAPITAL BDC, Inc.","GOLUB CAPITAL BDC, INC.",False,2026-07-12,sec_submissions
0001482199,"Venture Lending & Leasing VI, Inc.","Venture Lending & Leasing VI, Inc.  (CIK 0001482199)",False,2026-07-12,sec_submissions
0001487328,"Age Reversal, Inc.","Age Reversal, Inc.  (CIK 0001487328)",False,2026-07-12,sec_submissions
0001487428,Horizon Technology Finance Corp,"Horizon Technology Finance Corp  (HRZN, HTFB, HTFC)  (CIK 0001487428)",True,2026-07-12,sec_submissions
0001487918,OFS Capital Corp,"OFS Capital Corp  (OFS, OFSSH)  (CIK 0001487918)",True,2026-07-12,sec_submissions
0001490013,Full Circle Capital Corp,Full Circle Capital Corp  (CIK 0001490013),False,2026-07-12,sec_submissions
0001490349,PhenixFIN Corp,PHENIXFIN CORP,False,2026-07-12,sec_submissions
0001490927,Franklin BSP Lending Corp,Business Development Corp of America  (CIK 0001490927),True,2026-07-12,sec_submissions
0001491925,"New Mountain Finance Holdings, L.L.C.","New Mountain Finance Holdings, L.L.C.  (CIK 0001491925)",False,2026-07-12,sec_submissions
0001494538,"Corporate Capital Trust, Inc.","Corporate Capital Trust, Inc.  (CIK 0001494538)",False,2026-07-12,sec_submissions
0001495584,"Firsthand Technology Value Fund, Inc.","Firsthand Technology Value Fund, Inc.  (SVVC)  (CIK 0001495584)",True,2026-07-12,sec_submissions
0001496099,New Mountain Finance Corp,NEW MOUNTAIN FINANCE CORP,False,2026-07-12,sec_submissions
0001496254,Alternative Strategies Income Fund,Alternative Strategies Income Fund,False,2026-07-12,sec_submissions
0001500233,Ironwood Institutional Multi-Strategy Fund LLC,Ironwood Institutional Multi-Strategy Fund LLC  (CIK 0001500233),False,2026-07-12,sec_submissions
0001500234,Ironwood Multi-Strategy Fund LLC,Ironwood Multi-Strategy Fund LLC  (CIK 0001500234),False,2026-07-12,sec_submissions
0001501072,"RIVERNORTH OPPORTUNITIES FUND, INC.","RIVERNORTH OPPORTUNITIES FUND, INC.  (RIV, RIV-PA)  (CIK 0001501072)",True,2026-07-12,sec_submissions
0001501729,FS Specialty Lending Fund,FS Energy & Power Fund  (FSEN)  (CIK 0001501729),True,2026-07-12,sec_submissions
0001504619,PennantPark Floating Rate Capital Ltd.,PENNANTPARK FLOATING RATE CAPITAL LTD.,False,2026-07-12,sec_submissions
0001506488,NXG NextGen Infrastructure Income Fund,NXG NextGen Infrastructure Income Fund  (NXG)  (CIK 0001506488),True,2026-07-12,sec_submissions
0001508171,SLR Senior Investment Corp.,Solar Senior Capital Ltd.  (CIK 0001508171),True,2026-07-12,sec_submissions
0001508655,"Sixth Street Specialty Lending, Inc.","SIXTH STREET SPECIALTY LENDING, INC.",False,2026-07-12,sec_submissions
0001509470,Neostellar Capital Corp.,"NeXt Innovation Corp.  (SSSS, SSSSL)  (CIK 0001509470)",True,2026-07-12,sec_submissions
0001509892,Garrison Capital Inc.,Garrison Capital LLC  (CIK 0001509892),True,2026-07-12,sec_submissions
0001512931,MONROE CAPITAL Corp,MONROE CAPITAL Corp  (MRCC)  (CIK 0001512931),True,2026-07-12,sec_submissions
0001513363,FIDUS INVESTMENT Corp,FIDUS INVESTMENT CORP,False,2026-07-12,sec_submissions
0001514183,"Silo Pharma, Inc.","Point Capital, Inc.  (SILO)  (CIK 0001514183)",True,2026-07-12,sec_submissions
0001515001,Harrison Street Real Estate Fund LLC,Versus Capital Real Estate Fund LLC,True,2026-07-12,sec_submissions
0001515173,New Mountain Finance AIV Holdings Corp,New Mountain Finance AIV Holdings Corp  (CIK 0001515173),False,2026-07-12,sec_submissions
0001521945,"Prospect Floating Rate & Alternative Income Fund, Inc.","PROSPECT FLOATING RATE & ALTERNATIVE INCOME FUND, INC.",False,2026-07-12,sec_submissions
0001523526,Sierra Income Corp,Sierra Income Corp  (CIK 0001523526),False,2026-07-12,sec_submissions
0001525759,FS KKR Capital Corp. II,FS Investment Corp II  (CIK 0001525759),True,2026-07-12,sec_submissions
0001527385,"VII Peaks Co-Optivist Income BDC II, Inc.","VII Peaks-KBR Co-Optivist Income BDC II, Inc.  (CIK 0001527385)",True,2026-07-12,sec_submissions
0001534254,CION Investment Corp,CION Investment Corp  (CION)  (CIK 0001534254),True,2026-07-12,sec_submissions
0001535778,"MSC INCOME FUND, INC.","MSC INCOME FUND, INC.",False,2026-07-12,sec_submissions
0001544206,"Carlyle Secured Lending, Inc.","CARLYLE SECURED LENDING, INC.",False,2026-07-12,sec_submissions
0001547580,Victory Portfolios II,Victory Portfolios II,False,2026-07-12,sec_submissions
0001550913,"MacKenzie Realty Capital, Inc.","MacKenzie Realty Capital, Inc.  (MKZR, AENPP)  (CIK 0001550913)",True,2026-07-12,sec_submissions
0001551047,Bluerock Private Real Estate Fund,Bluerock Total Income (plus) Real Estate Fund,True,2026-07-12,sec_submissions
0001551901,Stellus Capital Investment Corp,Stellus Capital Investment Corp  (SCM)  (CIK 0001551901),True,2026-07-12,sec_submissions
0001552198,"WhiteHorse Finance, Inc.","WhiteHorse Finance, LLC  (WHF, WHFCL)  (CIK 0001552198)",True,2026-07-12,sec_submissions
0001557265,Private Shares Fund,Private Shares Fund,False,2026-07-12,sec_submissions
0001557424,"Venture Lending & Leasing VII, Inc.","Venture Lending & Leasing VII, Inc.  (CIK 0001557424)",False,2026-07-12,sec_submissions
0001559909,Harvest Capital Credit Corp,Harvest Capital Credit Corp  (CIK 0001559909),False,2026-07-12,sec_submissions
0001561528,NF Investment Corp.,NF Investment Corp.  (CIK 0001561528),False,2026-07-12,sec_submissions
0001571329,Logan Ridge Finance Corp.,Capitala Finance Corp.  (LRFC)  (CIK 0001571329),True,2026-07-12,sec_submissions
0001572694,"Goldman Sachs BDC, Inc.","GOLDMAN SACHS BDC, INC.",False,2026-07-12,sec_submissions
0001577134,"Terra Income Fund 6, LLC","Terra Income Fund 6, Inc.  (TFSA)  (CIK 0001577134)",True,2026-07-12,sec_submissions
0001577791,Oaktree Strategic Income Corp,Fifth Street Senior Floating Rate Corp.  (CIK 0001577791),True,2026-07-12,sec_submissions
0001578348,"Investcorp Credit Management BDC, Inc.",CM Finance Inc  (ICMB)  (CIK 0001578348),True,2026-07-12,sec_submissions
0001578620,Alcentra Capital Corp,Alcentra Capital Corp  (CIK 0001578620),False,2026-07-12,sec_submissions
0001579412,FS Investment Corp III,FS Investment Corp III  (CIK 0001579412),False,2026-07-12,sec_submissions
0001580345,TriplePoint Venture Growth BDC Corp.,TriplePoint Venture Growth BDC Corp.  (TPVG)  (CIK 0001580345),True,2026-07-12,sec_submissions
0001581005,Stone Ridge Trust II,Stone Ridge Trust II,False,2026-07-12,sec_submissions
0001581934,"American Capital Senior Floating, Ltd.","American Capital Senior Floating, Ltd.  (CIK 0001581934)",False,2026-07-12,sec_submissions
0001582138,Equalize Community Development Fund,Equalize COMMUNITY DEVELOPMENT FUND,False,2026-07-12,sec_submissions
0001586009,Wildermuth Fund,Wildermuth Fund,False,2026-07-12,sec_submissions
0001587987,"NewtekOne, Inc.","Newtek Business Services Corp.  (NEWT, NEWTG, NEWTI, NEWTZ)  (CIK 0001587987)",True,2026-07-12,sec_submissions
0001588272,"NexPoint Capital, Inc.","NexPoint Capital, Inc.  (NXPT)  (CIK 0001588272)",True,2026-07-12,sec_submissions
0001589390,Evanston Multi-Alpha Fund,North Square Evanston Multi-Alpha Fund  (CIK 0001589390),True,2026-07-12,sec_submissions
0001589829,Heisey Jeffrey Walter,Heisey Jeffrey Walter  (CIK 0001589829),False,2026-07-12,sec_submissions
0001597634,Apollo Diversified Real Estate Fund,Apollo Diversified Real Estate Fund,False,2026-07-12,sec_submissions
0001598893,"Integrity Capital Income Fund, Inc.","Integrity Capital Income Fund, Inc.  (CIK 0001598893)",False,2026-07-12,sec_submissions
0001599750,FS Energy & Power Fund II,FS Energy & Power Fund II  (CIK 0001599750),False,2026-07-12,sec_submissions
0001603480,TCW Direct Lending LLC,TCW Direct Lending LLC  (CIK 0001603480),False,2026-07-12,sec_submissions
0001606657,BUSINESS DEVELOPMENT Corp OF AMERICA II,BUSINESS DEVELOPMENT Corp OF AMERICA II  (CIK 0001606657),False,2026-07-12,sec_submissions
0001608016,Palmer Square Opportunistic Income Fund,Palmer Square Opportunistic Income Fund,False,2026-07-12,sec_submissions
0001609336,Griffin Capital BDC Corp.,Griffin-Benefit Street Partners BDC Corp.  (CIK 0001609336),True,2026-07-12,sec_submissions
0001614173,"SIGULER GUFF SMALL BUSINESS CREDIT OPPORTUNITIES FUND, INC","SIGULER GUFF SMALL BUSINESS CREDIT OPPORTUNITIES FUND, INC  (CIK 0001614173)",False,2026-07-12,sec_submissions
0001616037,Victory Pioneer ILS Interval Fund,Pioneer ILS Interval Fund,True,2026-07-12,sec_submissions
0001617572,StHealth Capital Investment Corp,Freedom Capital Corp/MD  (CIK 0001617572),True,2026-07-12,sec_submissions
0001617896,Corporate Capital Trust II,Corporate Capital Trust II  (CIK 0001617896),False,2026-07-12,sec_submissions
0001618694,GUGGENHEIM CREDIT INCOME FUND 2016 T,Carey Credit Income Fund 2016 T  (CIK 0001618694),True,2026-07-12,sec_submissions
0001618696,GUGGENHEIM CREDIT INCOME FUND 2019,Carey Credit Income Fund - I  (CIK 0001618696),True,2026-07-12,sec_submissions
0001618697,GUGGENHEIM CREDIT INCOME FUND,Carey Credit Income Fund  (CIK 0001618697),True,2026-07-12,sec_submissions
0001619239,"Credit Suisse Park View BDC, Inc.","Credit Suisse Park View BDC, Inc.  (CIK 0001619239)",False,2026-07-12,sec_submissions
0001626899,"Parkview Capital Credit, Inc.","Parkview Capital Credit, Inc.  (CIK 0001626899)",False,2026-07-12,sec_submissions
0001627515,GOLUB CAPITAL INVESTMENT Corp,Golub Capital Investment Corp  (CIK 0001627515),False,2026-07-12,sec_submissions
0001628040,Alternative Credit Income Fund,Alternative Credit Income Fund,False,2026-07-12,sec_submissions
0001633336,"Crescent Capital BDC, Inc.","CRESCENT CAPITAL BDC, INC.",False,2026-07-12,sec_submissions
0001633858,Audax Credit BDC Inc.,Audax Credit BDC Inc.  (CIK 0001633858),False,2026-07-12,sec_submissions
0001634452,AB Private Credit Investors Corp,AB Private Credit Investors Corp  (CIK 0001634452),False,2026-07-12,sec_submissions
0001637417,FS Investment Corp IV,FS Investment Corp IV  (CIK 0001637417),False,2026-07-12,sec_submissions
0001638600,USCA All Terrain Fund,USCA All Terrain Fund,False,2026-07-12,sec_submissions
0001642862,"Venture Lending & Leasing VIII, Inc.","Venture Lending & Leasing VIII, Inc.  (CIK 0001642862)",False,2026-07-12,sec_submissions
0001646614,Silver Point Specialty Lending Fund,"Silver Point Specialty Credit Fund, L.P.  (CIK 0001646614)",True,2026-07-12,sec_submissions
0001653384,Runway Growth Finance Corp.,"GSV Growth Credit Fund Inc.  (RWAY, RWAYL, RWAYZ)  (CIK 0001653384)",True,2026-07-12,sec_submissions
0001655050,"Bain Capital Specialty Finance, Inc.","BAIN CAPITAL SPECIALTY FINANCE, INC.",False,2026-07-12,sec_submissions
0001655887,Blue Owl Capital Corp II,Owl Rock Capital Corp II  (CIK 0001655887),True,2026-07-12,sec_submissions
0001655888,Blue Owl Capital Corp,BLUE OWL CAPITAL CORP,False,2026-07-12,sec_submissions
0001658645,Stone Ridge Trust V,Stone Ridge Trust V,False,2026-07-12,sec_submissions
0001659295,Jackson Advisory Group Inc,Jackson Advisory Group Inc  (CIK 0001659295),False,2026-07-12,sec_submissions
0001661306,"Hancock Park Corporate Income, Inc.","Hancock Park Corporate Income, Inc.  (CIK 0001661306)",False,2026-07-12,sec_submissions
0001663712,NEXPOINT REAL ESTATE STRATEGIES FUND,NEXPOINT REAL ESTATE STRATEGIES FUND,False,2026-07-12,sec_submissions
0001666384,"AG Twin Brook BDC, Inc.","AG Twin Brook BDC, Inc.  (CIK 0001666384)",False,2026-07-12,sec_submissions
0001674760,Silver Capital Holdings LLC,Goldman Sachs Private Middle Market Credit LLC  (CIK 0001674760),True,2026-07-12,sec_submissions
0001674786,GUGGENHEIM CREDIT INCOME FUND 2021,GUGGENHEIM CREDIT INCOME FUND 2021  (CIK 0001674786),False,2026-07-12,sec_submissions
0001675033,Great Elm Capital Corp.,"Great Elm Capital Corp.  (GECC, GECCI, GECCM, GECCO, GECCZ)  (CIK 0001675033)",True,2026-07-12,sec_submissions
0001676197,Apollo Diversified Credit Fund,Apollo Diversified Credit Fund,False,2026-07-12,sec_submissions
0001678124,CION Ares Diversified Credit Fund,CION Ares Diversified Credit Fund,False,2026-07-12,sec_submissions
0001681717,FIRST TRUST ALTERNATIVE OPPORTUNITIES FUND,FIRST TRUST ALTERNATIVE OPPORTUNITIES FUND,False,2026-07-12,sec_submissions
0001683074,Goldman Sachs Middle Market Lending Corp.,Goldman Sachs Middle Market Lending LLC  (CIK 0001683074),True,2026-07-12,sec_submissions
0001685711,Prospect Credit Corp,Prospect Credit Corp  (CIK 0001685711),False,2026-07-12,sec_submissions
0001687898,Harrison Street Real Assets Fund LLC,Versus Capital Real Assets Fund LLC,True,2026-07-12,sec_submissions
0001688554,PIMCO Flexible Credit Income Fund,PIMCO Flexible Credit Income Fund,False,2026-07-12,sec_submissions
0001688897,FS Credit Income Fund,FS Credit Income Fund,False,2026-07-12,sec_submissions
0001690996,City National Rochdale Select Strategies Fund,City National Rochdale Select Strategies Fund,False,2026-07-12,sec_submissions
0001691570,USQ Core Real Estate Fund,USQ Core Real Estate Fund,False,2026-07-12,sec_submissions
0001701724,Flat Rock Capital Corp.,Flat Rock Capital Corp.  (CIK 0001701724),False,2026-07-12,sec_submissions
0001702510,"Carlyle Credit Solutions, Inc.","TCG BDC II, Inc.  (CIK 0001702510)",True,2026-07-12,sec_submissions
0001703079,XAI Floating Rate & Alternative Income Trust,XAI Octagon Floating Rate & Alternative Income Trust,True,2026-07-12,sec_submissions
0001715268,"Golub Capital BDC 3, Inc.","Golub Capital BDC 3, Inc.  (CIK 0001715268)",False,2026-07-12,sec_submissions
0001715933,TCW Direct Lending VII LLC,TCW Direct Lending VII LLC  (CIK 0001715933),False,2026-07-12,sec_submissions
0001716885,Angel Oak Strategic Credit Fund,Angel Oak Strategic Credit Fund,False,2026-07-12,sec_submissions
0001717310,"Venture Lending & Leasing IX, Inc.","Venture Lending & Leasing IX, Inc.  (CIK 0001717310)",False,2026-07-12,sec_submissions
0001722837,BlueBay Destra International Event-Driven Credit Fund,BLUEBAY DESTRA INTERNATIONAL EVENT-DRIVEN CREDIT FUND,False,2026-07-12,sec_submissions
0001723701,PIMCO Flexible Municipal Income Fund,PIMCO Flexible Municipal Income Fund,False,2026-07-12,sec_submissions
0001725295,"Tax-Exempt Private Credit Fund, Inc.","Tax-Exempt Private Credit Fund, Inc.",False,2026-07-12,sec_submissions
0001725472,Carlyle Tactical Private Credit Fund,Carlyle Tactical Private Credit Fund,False,2026-07-12,sec_submissions
0001726548,BC Partners Lending Corp,BC Partners Lending Corp  (CIK 0001726548),False,2026-07-12,sec_submissions
0001732078,Flat Rock Opportunity Fund,Flat Rock Opportunity Fund,False,2026-07-12,sec_submissions
0001735964,Cliffwater Corporate Lending Fund,Cliffwater Corporate Lending Fund  (CIK 0001735964),False,2026-07-12,sec_submissions
0001736035,Blackstone Secured Lending Fund,Blackstone / GSO Secured Lending Fund  (BXSL)  (CIK 0001736035),True,2026-07-12,sec_submissions
0001736510,Variant Alternative Income Fund,VARIANT ALTERNATIVE INCOME FUND,False,2026-07-12,sec_submissions
0001737924,Nuveen Churchill Direct Lending Corp.,Nuveen Churchill BDC INC.  (NCDL)  (CIK 0001737924),True,2026-07-12,sec_submissions
0001737936,City National Rochdale Strategic Credit Fund,City National Rochdale Strategic Credit Fund,False,2026-07-12,sec_submissions
0001742313,Monroe Capital Income Plus Corp,Monroe Capital Income Plus Corp  (CIK 0001742313),False,2026-07-12,sec_submissions
0001743415,SCP Private Credit Income BDC LLC,SCP Private Credit Income BDC LLC  (CIK 0001743415),False,2026-07-12,sec_submissions
0001744179,"Oaktree Strategic Income II, Inc.","Oaktree Strategic Income II, Inc.  (CIK 0001744179)",False,2026-07-12,sec_submissions
0001747172,"Kayne Anderson BDC, Inc.","Kayne Anderson BDC, LLC  (KBDC)  (CIK 0001747172)",True,2026-07-12,sec_submissions
0001747777,Blue Owl Technology Finance Corp.,Owl Rock Technology Finance Corp.  (CIK 0001747777),True,2026-07-12,sec_submissions
0001748680,1WS Credit Income Fund,1WS Credit Income Fund,False,2026-07-12,sec_submissions
0001751156,ELLINGTON INCOME OPPORTUNITIES FUND,Ellington Income Opportunities Fund,False,2026-07-12,sec_submissions
0001752019,BlackRock HPS Credit Strategies Fund,BlackRock Credit Strategies Fund,True,2026-07-12,sec_submissions
0001753712,Lord Abbett Credit Opportunities Fund,Lord Abbett Credit Opportunities Fund,False,2026-07-12,sec_submissions
0001754927,Axonic Alternative Income Fund,Axonic Alternative Income Fund,False,2026-07-12,sec_submissions
0001756404,Principal Real Asset Fund,Principal Real Asset Fund,False,2026-07-12,sec_submissions
0001757563,Loomis Sayles Credit Income Opportunities Fund,Loomis Sayles Credit Income Opportunities Fund  (CIK 0001757563),False,2026-07-12,sec_submissions
0001758583,Arca U.S. Treasury Fund,Arca U.S. Treasury Fund,False,2026-07-12,sec_submissions
0001766037,"NMF SLF I, Inc.","NMF SLF I, Inc.  (CIK 0001766037)",False,2026-07-12,sec_submissions
0001767074,CIM Real Assets & Credit Fund,CIM Real Assets & Credit Fund,False,2026-07-12,sec_submissions
0001772704,Goldman Sachs Private Middle Market Credit II LLC,Goldman Sachs Private Middle Market Credit II LLC  (CIK 0001772704),False,2026-07-12,sec_submissions
0001772918,ADAMS STREET CREDIT SOLUTIONS FUND,ADAMS STREET CREDIT SOLUTIONS FUND  (CIK 0001772918),False,2026-07-12,sec_submissions
0001777529,Alpha Alternative Assets Fund,Alpha Alternative Assets Fund,False,2026-07-12,sec_submissions
0001777677,"Fundrise Real Estate Interval Fund, LLC","Fundrise Real Estate Interval Fund, LLC",False,2026-07-12,sec_submissions
0001779523,"Muzinich BDC, Inc.","Muzinich BDC, Inc.  (CIK 0001779523)",False,2026-07-12,sec_submissions
0001781870,"New Mountain Guardian III BDC, L.L.C.","New Mountain Guardian III BDC, L.L.C.  (CIK 0001781870)",False,2026-07-12,sec_submissions
0001782524,Morgan Stanley Direct Lending Fund,Morgan Stanley Direct Lending Fund LLC  (MSDL)  (CIK 0001782524),True,2026-07-12,sec_submissions
0001784700,Varagon Capital Corp,Varagon Capital Corp.  (CIK 0001784700),True,2026-07-12,sec_submissions
0001786108,Trinity Capital Inc.,"Trinity Capital Inc.  (TRIN, TRINI, TRINL, TRINZ)  (CIK 0001786108)",True,2026-07-12,sec_submissions
0001786835,Star Mountain Lower Middle-Market Capital Corp,"Star Mountain Credit Opportunities Fund, LP  (CIK 0001786835)",True,2026-07-12,sec_submissions
0001787621,KKR Asset-Based Finance Fund,KKR Credit Opportunities Portfolio,True,2026-07-12,sec_submissions
0001792509,TriplePoint Private Venture Credit Inc.,"TriplePoint Global Venture Credit, LLC  (CIK 0001792509)",True,2026-07-12,sec_submissions
0001793855,abrdn Global Infrastructure Income Fund,abrdn Global Infrastructure Income Fund,False,2026-07-12,sec_submissions
0001794041,Franklin BSP Private Credit Fund,Franklin BSP Private Credit Fund,False,2026-07-12,sec_submissions
0001794776,Palmer Square Capital BDC Inc.,Palmer Square Capital BDC Inc.  (PSBD)  (CIK 0001794776),True,2026-07-12,sec_submissions
0001796242,Goldman Sachs Real Estate Diversified Income Fund,Goldman Sachs Real Estate Diversified Income Fund,False,2026-07-12,sec_submissions
0001800381,Jefferies Private Credit BDC Inc.,Jefferies Private Credit BDC Inc.  (CIK 0001800381),False,2026-07-12,sec_submissions
0001802293,Lord Abbett Floating Rate High Income Fund,Lord Abbett Floating Rate High Income Fund,False,2026-07-12,sec_submissions
0001803498,Blackstone Private Credit Fund,Blackstone Private Credit Fund  (CIK 0001803498),False,2026-07-12,sec_submissions
0001803958,KKR Real Estate Select Trust Inc.,KKR Real Estate Select Trust Inc.  (CIK 0001803958),False,2026-07-12,sec_submissions
0001807333,Wilshire Private Assets Master Fund,Wilshire Private Assets Master Fund,False,2026-07-12,sec_submissions
0001807334,Wilshire Private Assets Fund,Wilshire Private Assets Fund,False,2026-07-12,sec_submissions
0001807427,Blue Owl Capital Corp III,Owl Rock Capital Corp III  (OBDE)  (CIK 0001807427),True,2026-07-12,sec_submissions
0001810256,Bow River Capital Evergreen Fund,Bow River Capital Evergreen Fund,False,2026-07-12,sec_submissions
0001811972,Barings Capital Investment Corp,Barings Capital Investment Corp  (CIK 0001811972),False,2026-07-12,sec_submissions
0001812286,Harrison Street Infrastructure Income Fund,Versus Capital Infrastructure Income Fund,True,2026-07-12,sec_submissions
0001812554,Blue Owl Credit Income Corp.,Owl Rock Core Income Corp.  (CIK 0001812554),True,2026-07-12,sec_submissions
0001814390,Flat Rock Core Income Fund,Flat Rock Core Income Fund,False,2026-07-12,sec_submissions
0001815609,Primark Meketa Private Equity Investments Fund,Primark Meketa Private Equity Investments Fund,False,2026-07-12,sec_submissions
0001817825,Steele Creek Capital Corp,MSC Capital LLC  (CIK 0001817825),True,2026-07-12,sec_submissions
0001818105,NB Private Markets Access Fund LLC,NB Private Markets Access Fund LLC  (CIK 0001818105),False,2026-07-12,sec_submissions
0001818416,First Eagle Credit Opportunities Fund,First Eagle Credit Opportunities Fund,False,2026-07-12,sec_submissions
0001820378,Thornburg Income Builder Opportunities Trust,Thornburg Income Builder Opportunities Trust,False,2026-07-12,sec_submissions
0001822523,Advanced Flower Capital Inc.,Advanced Flower Capital Inc.  (AFCG)  (CIK 0001822523),True,2026-07-12,sec_submissions
0001825248,Franklin BSP Capital Corp,Franklin BSP Capital L.L.C.  (FRBP)  (CIK 0001825248),True,2026-07-12,sec_submissions
0001825265,TCW Direct Lending VIII LLC,TCW Direct Lending VIII LLC  (CIK 0001825265),False,2026-07-12,sec_submissions
0001825384,Stone Point Credit Corp,Stone Point Capital Credit LLC  (CIK 0001825384),True,2026-07-12,sec_submissions
0001825590,SL Investment Corp.,SL Investment Corp.  (CIK 0001825590),False,2026-07-12,sec_submissions
0001827994,KING EQUITY GROUP INC.,King Equity Group Inc.  (CIK 0001827994),False,2026-07-12,sec_submissions
0001830926,EMERY PARTNERS INCOME CREDIT STRATEGIES FUND,EMERY PARTNERS INCOME CREDIT STRATEGIES FUND  (CIK 0001830926),False,2026-07-12,sec_submissions
0001832148,SLR HC BDC LLC,SLR HC BDC LLC  (CIK 0001832148),False,2026-07-12,sec_submissions
0001834543,BlackRock Direct Lending Corp.,BlackRock Direct Lending Corp.  (CIK 0001834543),False,2026-07-12,sec_submissions
0001837532,Apollo Debt Solutions BDC,Apollo Debt Solutions BDC  (CIK 0001837532),False,2026-07-12,sec_submissions
0001838126,HPS Corporate Lending Fund,HPS Corporate Lending Fund  (CIK 0001838126),False,2026-07-12,sec_submissions
0001841514,"Commonwealth Credit Partners BDC I, Inc.","Commonwealth Credit Partners BDC I, Inc.  (CIK 0001841514)",False,2026-07-12,sec_submissions
0001842754,Cliffwater Enhanced Lending Fund,Cliffwater Enhanced Lending Fund,False,2026-07-12,sec_submissions
0001843162,"Chicago Atlantic BDC, Inc.",Silver Spike Investment Corp.  (SSIC)  (CIK 0001843162),True,2026-07-12,sec_submissions
0001843499,AFA ASSET BASED LENDING FUND,AFA Asset Based Lending Fund,False,2026-07-12,sec_submissions
0001844684,NC SLF Inc.,NC SLF Inc.  (CIK 0001844684),False,2026-07-12,sec_submissions
0001849089,"Lafayette Square USA, Inc.","Lafayette Square Empire BDC, LLC  (CIK 0001849089)",True,2026-07-12,sec_submissions
0001849894,MSD Investment Corp.,"MSD Investment, LLC  (CIK 0001849894)",True,2026-07-12,sec_submissions
0001850787,"Kayne DL 2021, Inc.","Kayne DL 2021, Inc.  (CIK 0001850787)",False,2026-07-12,sec_submissions
0001850938,"WTI Fund X, Inc.","WTI Fund X, Inc.  (CIK 0001850938)",False,2026-07-12,sec_submissions
0001851077,PIMCO Flexible Emerging Markets Income Fund,PIMCO Flexible Emerging Markets Income Fund,False,2026-07-12,sec_submissions
0001851277,Carlyle Secured Lending III,Carlyle Secured Lending III  (CIK 0001851277),False,2026-07-12,sec_submissions
0001851322,North Haven Private Income Fund LLC,North Haven Private Income Fund LLC  (CIK 0001851322),False,2026-07-12,sec_submissions
0001854370,Thirdline Real Estate Income Fund,Thirdline Real Estate Income Fund,False,2026-07-12,sec_submissions
0001855299,Lord Abbett Corporate Opportunities Fund,Lord Abbett Corporate Opportunities Fund,False,2026-07-12,sec_submissions
0001857314,Forum Real Estate Income Fund,Forum Real Estate Income Fund,False,2026-07-12,sec_submissions
0001859919,Barings Private Credit Corp,Barings Private Credit LLC  (CIK 0001859919),True,2026-07-12,sec_submissions
0001860151,Invesco Dynamic Credit Opportunity Fund,Invesco Dynamic Credit Opportunity Fund,False,2026-07-12,sec_submissions
0001860424,Onex Direct Lending BDC Fund,Onex Falcon Direct Lending BDC Fund  (CIK 0001860424),True,2026-07-12,sec_submissions
0001864609,Cascade Private Capital Fund,Cascade Private Capital Fund,False,2026-07-12,sec_submissions
0001865174,Goldman Sachs Middle Market Lending Corp. II,Goldman Sachs Middle Market Lending LLC II  (CIK 0001865174),True,2026-07-12,sec_submissions
0001865266,Equal Access Portfolio LLC,Equal Access Portfolio LLC  (CIK 0001865266),False,2026-07-12,sec_submissions
0001865389,Nuveen Variable Rate Preferred & Income Fund,Nuveen Variable Rate Preferred & Income Fund,False,2026-07-12,sec_submissions
0001867714,Monachil Credit Income Fund,Monachil Credit Income Fund,False,2026-07-12,sec_submissions
0001868878,GOLUB CAPITAL DIRECT LENDING CORP,Golub Capital Direct Lending LLC  (CIK 0001868878),True,2026-07-12,sec_submissions
0001868950,Cashmere Fund,Cashmere Fund,False,2026-07-12,sec_submissions
0001869040,Lind Capital Partners Municipal Credit Income Fund,Lind Capital Partners Municipal Credit Income Fund,False,2026-07-12,sec_submissions
0001869453,Blue Owl Technology Income Corp.,Owl Rock Technology Income Corp.  (CIK 0001869453),True,2026-07-12,sec_submissions
0001870267,"Redwood Enhanced Income Fund, LP",Redwood Enhanced Income Corp.  (CIK 0001870267),True,2026-07-12,sec_submissions
0001870714,Oaktree Diversified Income Fund Inc.,Oaktree Diversified Income Fund Inc.,False,2026-07-12,sec_submissions
0001872371,Oaktree Strategic Credit Fund,Oaktree Strategic Credit Fund  (CIK 0001872371),False,2026-07-12,sec_submissions
0001876006,Ares Private Markets Fund,Ares Private Markets Fund  (CIK 0001876006),False,2026-07-12,sec_submissions
0001879008,"Lafayette Square Mid-Atlantic BDC, Inc.","Lafayette Square Mid-Atlantic BDC, LLC  (CIK 0001879008)",True,2026-07-12,sec_submissions
0001879017,"Lafayette Square Far West BDC, Inc.","Lafayette Square Southeast BDC, LLC  (CIK 0001879017)",True,2026-07-12,sec_submissions
0001879018,"Lafayette Square Gulf Coast BDC, Inc.","Lafayette Square Gulf Coast BDC, LLC  (CIK 0001879018)",True,2026-07-12,sec_submissions
0001881739,Variant Impact Fund,VARIANT IMPACT FUND,False,2026-07-12,sec_submissions
0001885551,"Fundrise Income Real Estate Fund, LLC","Fundrise Income Real Estate Fund, LLC",False,2026-07-12,sec_submissions
0001885968,T Series BDC LLC,T Series Middle Market Loan Fund LLC  (CIK 0001885968),True,2026-07-12,sec_submissions
0001889668,Blue Owl Technology Finance Corp. II,Owl Rock Technology Finance Corp. II  (CIK 0001889668),True,2026-07-12,sec_submissions
0001890107,First Eagle Private Credit Fund,First Eagle Private Credit Fund  (CIK 0001890107),False,2026-07-12,sec_submissions
0001892091,AFC BDC Inc.,AFC BDC Inc.  (CIK 0001892091),False,2026-07-12,sec_submissions
0001892443,Bluerock High Income Institutional Credit Fund,BLUEROCK HIGH INCOME INSTITUTIONAL CREDIT FUND,False,2026-07-12,sec_submissions
0001895316,Brightwood Capital Corp I,Brightwood Capital Corp I  (CIK 0001895316),False,2026-07-12,sec_submissions
0001896329,PIMCO Flexible Real Estate Income Fund,PIMCO Flexible Real Estate Income Fund,False,2026-07-12,sec_submissions
0001897540,AOG Institutional Fund,AOG Institutional Fund,False,2026-07-12,sec_submissions
0001898303,First Trust Real Assets Fund,First Trust Real Assets Fund,False,2026-07-12,sec_submissions
0001899017,Bain Capital Private Credit,Bain Capital Private Credit  (CIK 0001899017),False,2026-07-12,sec_submissions
0001899996,Fidelity Private Credit Co LLC,Fidelity Private Credit Central Fund LLC  (CIK 0001899996),True,2026-07-12,sec_submissions
0001901037,Stellus Private Credit BDC,Stellus Private Credit BDC  (CIK 0001901037),False,2026-07-12,sec_submissions
0001901164,T. Rowe Price OHA Select Private Credit Fund,T. Rowe Price OHA Select Private Credit Fund  (CIK 0001901164),False,2026-07-12,sec_submissions
0001901606,Golub Capital Direct Lending Unlevered Corp,Golub Capital Direct Lending Unlevered LLC  (CIK 0001901606),True,2026-07-12,sec_submissions
0001901612,"Golub Capital BDC 4, Inc.",Golub Capital BDC 4 LLC  (CIK 0001901612),True,2026-07-12,sec_submissions
0001902649,BlackRock Private Credit Fund,BlackRock Private Credit Fund  (CIK 0001902649),False,2026-07-12,sec_submissions
0001902944,CANTOR FITZGERALD INFRASTRUCTURE FUND,Cantor Fitzgerald Infrastructure Fund,False,2026-07-12,sec_submissions
0001905088,ARK Venture Fund,ARK Venture Fund,False,2026-07-12,sec_submissions
0001905824,PIMCO Capital Solutions BDC Corp.,PIMCO Capital Solutions BDC Corp.  (CIK 0001905824),False,2026-07-12,sec_submissions
0001907437,Opportunistic Credit Interval Fund,OPPORTUNISTIC CREDIT INTERVAL FUND,False,2026-07-12,sec_submissions
0001911066,Nuveen Churchill Private Capital Income Fund,Nuveen Churchill Private Capital Income Fund  (CIK 0001911066),False,2026-07-12,sec_submissions
0001911321,Kennedy Lewis Capital Co,Kennedy Lewis Capital Co  (CIK 0001911321),False,2026-07-12,sec_submissions
0001911795,PIMCO California Flexible Municipal Income Fund,PIMCO California Flexible Municipal Income Fund,False,2026-07-12,sec_submissions
0001912963,First Trust Private Credit Fund,First Trust Private Credit Fund,False,2026-07-12,sec_submissions
0001913721,AGTB Private BDC,AGTB Private BDC  (CIK 0001913721),False,2026-07-12,sec_submissions
0001913724,TPG Twin Brook Capital Income Fund,AG Twin Brook Capital Income Fund  (CIK 0001913724),True,2026-07-12,sec_submissions
0001916099,Diameter Credit Co,Diameter Credit Co  (CIK 0001916099),False,2026-07-12,sec_submissions
0001916608,TCW Star Direct Lending LLC,TCW Star Direct Lending LLC  (CIK 0001916608),False,2026-07-12,sec_submissions
0001918712,ARES STRATEGIC INCOME FUND,ARES STRATEGIC INCOME FUND  (CIK 0001918712),False,2026-07-12,sec_submissions
0001919369,VISTA CREDIT STRATEGIC LENDING CORP.,VISTA CREDIT STRATEGIC LENDING CORP.  (CIK 0001919369),False,2026-07-12,sec_submissions
0001920145,Goldman Sachs Private Credit Corp.,Goldman Sachs Private Credit Fund LLC  (CIK 0001920145),True,2026-07-12,sec_submissions
0001920453,Fidelity Private Credit Fund,Fidelity Private Credit Fund  (CIK 0001920453),False,2026-07-12,sec_submissions
0001922947,Wellings Real Estate Income Fund,Wellings Real Estate Income Fund  (CIK 0001922947),False,2026-07-12,sec_submissions
0001923622,PGIM Private Credit Fund,PGIM Private Credit Fund  (CIK 0001923622),False,2026-07-12,sec_submissions
0001925309,Sixth Street Lending Partners,Sixth Street Lending Partners  (CIK 0001925309),False,2026-07-12,sec_submissions
0001925531,"New Mountain Guardian IV BDC, L.L.C.",New Mountain Guardian IV BDC L.L.C.  (CIK 0001925531),True,2026-07-12,sec_submissions
0001925779,Flat Rock Enhanced Income Fund,Flat Rock Enhanced Income Fund,False,2026-07-12,sec_submissions
0001929777,Pender Real Estate Credit Fund,Pender Real Estate Credit Fund,False,2026-07-12,sec_submissions
0001930087,Golub Capital Private Credit Fund,Golub Capital Private Credit Fund  (CIK 0001930087),False,2026-07-12,sec_submissions
0001930679,KKR FS Income Trust,KKR FS Income Trust  (CIK 0001930679),False,2026-07-12,sec_submissions
0001932591,SLR Private Credit BDC II LLC,SLR Private Credit BDC II LLC  (CIK 0001932591),False,2026-07-12,sec_submissions
0001937073,Calamos Aksia Alternative Credit & Income Fund,Calamos Aksia Alternative Credit & Income Fund,False,2026-07-12,sec_submissions
0001938365,Axxes Private Markets Fund,Axxes Private Markets Fund,False,2026-07-12,sec_submissions
0001938649,"Partners Group Lending Fund, LLC","Partners Group Lending Fund, LLC  (CIK 0001938649)",False,2026-07-12,sec_submissions
0001940499,JPMorgan Private Markets Fund,JPMorgan Private Markets Fund  (CIK 0001940499),False,2026-07-12,sec_submissions
0001944664,Nomura Alternative Income Fund,Nomura Alternative Income Fund,False,2026-07-12,sec_submissions
0001944831,Willow Tree Capital Corp,Willow Tree Capital Corp  (CIK 0001944831),False,2026-07-12,sec_submissions
0001948368,Phillip Street BDC LLC,Phillip Street Middle Market Lending Fund LLC  (CIK 0001948368),True,2026-07-12,sec_submissions
0001948565,Investcorp US Institutional Private Credit Fund,Investcorp US Institutional Private Credit Fund  (CIK 0001948565),False,2026-07-12,sec_submissions
0001949594,Fidelity Multi-Strategy Credit Fund,Fidelity Multi-Strategy Credit Fund,False,2026-07-12,sec_submissions
0001950572,BIP Ventures Evergreen BDC,BIP Ventures Evergreen BDC  (CIK 0001950572),False,2026-07-12,sec_submissions
0001950803,Stepstone Private Credit Fund LLC,Stepstone Private Credit Fund LLC  (CIK 0001950803),False,2026-07-12,sec_submissions
0001950976,"26North BDC, Inc.","26North BDC, Inc.  (CIK 0001950976)",False,2026-07-12,sec_submissions
0001954360,Crescent Private Credit Income Corp,Crescent Private Credit Income Corp  (CIK 0001954360),False,2026-07-12,sec_submissions
0001955010,OHA Senior Private Lending Fund (U) LLC,OHA Senior Private Lending Fund (U) LLC  (CIK 0001955010),False,2026-07-12,sec_submissions
0001955963,Butterfly Ventures LLC,Butterfly Ventures LLC  (CIK 0001955963),False,2026-07-12,sec_submissions
0001957892,StepStone Private Infrastructure Fund,StepStone Private Infrastructure Fund,False,2026-07-12,sec_submissions
0001959172,Redwood Private Real Estate Debt Fund,Redwood Real Estate Income Fund,True,2026-07-12,sec_submissions
0001959568,"Senior Credit Investments, LLC","Senior Credit Investments, LLC  (CIK 0001959568)",False,2026-07-12,sec_submissions
0001959604,Jefferies Credit Partners BDC Inc.,Jefferies Credit Partners BDC Inc.  (CIK 0001959604),False,2026-07-12,sec_submissions
0001962244,"White Oak Secured Asset Lending Fund, Inc.","White Oak Secured Asset Lending Fund, Inc.  (CIK 0001962244)",False,2026-07-12,sec_submissions
0001965934,Overland Advantage,Overland Advantage  (CIK 0001965934),False,2026-07-12,sec_submissions
0001965985,Polen Credit Opportunities Fund,Polen Credit Opportunities Fund,False,2026-07-12,sec_submissions
0001968178,SEI Alternative Income Fund,SEI Alternative Income Fund,False,2026-07-12,sec_submissions
0001969180,Coller Secondaries Private Equity Opportunities Fund,Coller Secondaries Private Equity Opportunities Fund  (CIK 0001969180),False,2026-07-12,sec_submissions
0001969229,Eaton Vance Floating-Rate Opportunities Fund,Eaton Vance Floating-Rate Opportunities Fund,False,2026-07-12,sec_submissions
0001970466,First Trust Hedged Strategies Fund,First Trust Hedged Strategies Fund,False,2026-07-12,sec_submissions
0001973476,North Haven Private Income Fund A LLC,North Haven Private Income Fund A LLC  (CIK 0001973476),False,2026-07-12,sec_submissions
0001974793,"Oaktree Gardens OLP, LLC","OAKTREE GARDENS OLP, LLC",False,2026-07-12,sec_submissions
0001975736,KKR FS Income Trust Select,KKR FS Income Trust Select  (CIK 0001975736),False,2026-07-12,sec_submissions
0001976336,Antares Private Credit Fund,Antares Private Credit Fund  (CIK 0001976336),False,2026-07-12,sec_submissions
0001976685,Institutional Investment Strategy Fund,Institutional Investment Strategy Fund,False,2026-07-12,sec_submissions
0001976719,"New Mountain Guardian IV Income Fund, L.L.C.","New Mountain Guardian IV Unlevered BDC, L.L.C.  (CIK 0001976719)",True,2026-07-12,sec_submissions
0001979306,"Andalusian Credit Company, LLC","Andalusian Credit Company, LLC  (CIK 0001979306)",False,2026-07-12,sec_submissions
0001982467,Jackson Credit Opportunities Fund,Jackson Credit Opportunities Fund,False,2026-07-12,sec_submissions
0001982701,AB Private Lending Fund,AB Private Lending Fund  (CIK 0001982701),False,2026-07-12,sec_submissions
0001983514,LGAM Private Credit LLC,LGAM Private Credit LLC  (CIK 0001983514),False,2026-07-12,sec_submissions
0001984739,Investcorp US Private Credit BDC II,Investcorp US Private Credit BDC II  (CIK 0001984739),False,2026-07-12,sec_submissions
0001985375,"Muzinich Corporate Lending Income Fund, Inc.","Muzinich Corporate Lending Income Fund, Inc.  (CIK 0001985375)",False,2026-07-12,sec_submissions
0001987221,John Hancock Comvest Private Income Fund,AMG Comvest Senior Lending Fund  (CIK 0001987221),True,2026-07-12,sec_submissions
0001987731,"WTI Fund XI, Inc.","WTI Fund XI, Inc.  (CIK 0001987731)",False,2026-07-12,sec_submissions
0001988280,Manulife Private Credit Fund,MANULIFE PRIVATE CREDIT FUND,False,2026-07-12,sec_submissions
0001988752,Meketa Infrastructure Fund,Meketa Infrastructure Fund,False,2026-07-12,sec_submissions
0001989582,PGIM Credit Income Fund,PGIM Credit Income Fund,False,2026-07-12,sec_submissions
0001989817,HPS Corporate Capital Solutions Fund,HPS Corporate Capital Solutions Fund  (CIK 0001989817),False,2026-07-12,sec_submissions
0001990685,Niagara Income Opportunities Fund,Niagara Income Opportunities Fund,False,2026-07-12,sec_submissions
0001990804,ABX Longevity Growth & Income Fund,ABX Longevity Growth & Income Fund  (CIK 0001990804),False,2026-07-12,sec_submissions
0001992148,Eagle Point Enhanced Income Trust,Eagle Point Enhanced Income Trust,False,2026-07-12,sec_submissions
0001993402,Antares Strategic Credit Fund,Antares Strategic Credit Fund  (CIK 0001993402),False,2026-07-12,sec_submissions
0001995568,Voya Enhanced Securitized Income Fund,Voya Enhanced Securitized Income Fund,False,2026-07-12,sec_submissions
0001995668,NYLI MacKay Muni Income Opportunities Fund,NYLI MacKay Muni Income Opportunities Fund,False,2026-07-12,sec_submissions
0001995940,AMG Pantheon Credit Solutions Fund,AMG PANTHEON CREDIT SOLUTIONS FUND,False,2026-07-12,sec_submissions
0001996211,Connetic Venture Capital Access Fund,Connetic Venture Capital Access Fund,False,2026-07-12,sec_submissions
0001997641,Global X Venture & Innovation Fund,Global X Venture & Innovation Fund  (CIK 0001997641),False,2026-07-12,sec_submissions
0001997906,CION Grosvenor Infrastructure Fund,CION Grosvenor Infrastructure Fund,False,2026-07-12,sec_submissions
0001998387,5C Lending Partners Corp.,5C Lending Partners Corp.  (CIK 0001998387),False,2026-07-12,sec_submissions
0001998759,Nuveen Enhanced Corporate Opportunities Fund,Nuveen Enhanced Corporate Opportunities Fund  (CIK 0001998759),False,2026-07-12,sec_submissions
0001999538,X1 Capital Inc.,X1 CAPITAL INC.,False,2026-07-12,sec_submissions
0001999699,CAPQ BDC Inc.,CAPQ BDC Inc.  (CIK 0001999699),False,2026-07-12,sec_submissions
0002000182,Denali Structured Return Strategy Fund,Denali Structured Return Strategy Fund,False,2026-07-12,sec_submissions
0002000645,XAI CLO & Income Opportunities Fund,Octagon XAI CLO Income Fund,True,2026-07-12,sec_submissions
0002001586,"CION Grosvenor Infrastructure Master Fund, LLC","CION Grosvenor Infrastructure Master Fund, LLC",False,2026-07-12,sec_submissions
0002003497,Jackson Real Assets Fund,Jackson Real Assets Fund,False,2026-07-12,sec_submissions
0002003867,Axxes Opportunistic Credit Fund,Axxes Opportunistic Credit Fund,False,2026-07-12,sec_submissions
0002004413,Beacon Pointe Multi-Alternative Fund,Beacon Pointe Multi-Alternative Fund,False,2026-07-12,sec_submissions
0002005563,Lord Abbett Flexible Income Fund,Lord Abbett Flexible Income Fund,False,2026-07-12,sec_submissions
0002006100,StepStone Private Credit Income Fund,StepStone Private Credit Income Fund,False,2026-07-12,sec_submissions
0002006758,MidCap Apollo Institutional Private Lending,Middle Market Apollo Institutional Private Lending  (CIK 0002006758),True,2026-07-12,sec_submissions
0002007649,Catalyst/Perini Strategic Income Fund,Catalyst/Perini Strategic Income Fund,False,2026-07-12,sec_submissions
0002008748,Lord Abbett Private Credit Fund,Lord Abbett Private Credit Fund  (CIK 0002008748),False,2026-07-12,sec_submissions
0002011498,AGL Private Credit Income Fund,AGL Private Credit Income Fund  (CIK 0002011498),False,2026-07-12,sec_submissions
0002012139,Fortress Private Lending Fund,Fortress Private Lending Fund  (CIK 0002012139),False,2026-07-12,sec_submissions
0002012326,AB CarVal Credit Opportunities Fund,AB CarVal Credit Opportunities Fund,False,2026-07-12,sec_submissions
0002012839,KKR Enhanced US Direct Lending Fund-L Inc.,KKR Enhanced US Direct Lending Fund-L  (CIK 0002012839),True,2026-07-12,sec_submissions
0002013536,Eagle Point Defensive Income Trust,Eagle Point Defensive Income Trust,False,2026-07-12,sec_submissions
0002013732,FT Vest Hedged Equity Income Fund: Series A2,FT Vest Hedged Equity Income Fund: Series A2,False,2026-07-12,sec_submissions
0002015849,MA Specialty Credit Income Fund,MA Specialty Credit Income Fund,False,2026-07-12,sec_submissions
0002016900,Principal Private Credit Fund,Principal Private Credit Fund I,True,2026-07-12,sec_submissions
0002017577,Privacore PCAAM Alternative Growth Fund,Privacore PCAAM Alternative Growth Fund  (CIK 0002017577),False,2026-07-12,sec_submissions
0002017579,Privacore PCAAM Alternative Income Fund,Privacore PCAAM Alternative Income Fund  (CIK 0002017579),False,2026-07-12,sec_submissions
0002017636,"CCS IX Portfolio Holdings, LLC","CCS IX Portfolio Holdings, LLC  (CIK 0002017636)",False,2026-07-12,sec_submissions
0002018545,Franklin BSP Real Estate Debt BDC,Franklin BSP Real Estate Credit BDC  (CIK 0002018545),True,2026-07-12,sec_submissions
0002020354,West Bay BDC LLC,West Bay BDC LLC  (CIK 0002020354),False,2026-07-12,sec_submissions
0002020407,HarbourVest Private Investments Fund,HarbourVest Private Investments Fund  (CIK 0002020407),False,2026-07-12,sec_submissions
0002020928,OneAscent Capital Opportunities Fund,OneAscent Capital Opportunities Fund,False,2026-07-12,sec_submissions
0002021225,Sardis Credit Opportunities Fund,Sardis Credit Opportunities Fund  (CIK 0002021225),False,2026-07-12,sec_submissions
0002021966,FT Vest Total Return Income Fund: Series A2,FT Vest Total Return Income Fund: Series A2,False,2026-07-12,sec_submissions
0002022290,Diamond Hill Securitized Credit Fund,Diamond Hill Securitized Credit Fund,False,2026-07-12,sec_submissions
0002022625,Nuveen Churchill Private Credit Fund,Nuveen Churchill Private Credit Fund  (CIK 0002022625),False,2026-07-12,sec_submissions
0002022674,Variant Alternative Lending Fund,VARIANT ALTERNATIVE LENDING FUND,False,2026-07-12,sec_submissions
0002023164,Booster Income Opportunities Fund,Booster Income Opportunities Fund,False,2026-07-12,sec_submissions
0002023668,Max Goldwell BDC LLC,Max Goldwell BDC LLC  (CIK 0002023668),False,2026-07-12,sec_submissions
0002025369,Third Point Private Capital Partners,Third Point Private Capital Partners  (CIK 0002025369),False,2026-07-12,sec_submissions
0002025933,FT Vest Hedged Equity Income Fund: Series A3,FT Vest Hedged Equity Income Fund: Series A3,False,2026-07-12,sec_submissions
0002026098,Gladstone Alternative Income Fund,Gladstone Alternative Income Fund,False,2026-07-12,sec_submissions
0002027033,Eagle Point Trinity Senior Secured Lending Co,EPT 16 LLC  (CIK 0002027033),True,2026-07-12,sec_submissions
0002027055,Russell Investments New Economy Infrastructure Fund,Russell Investments New Economy Infrastructure Fund  (CIK 0002027055),False,2026-07-12,sec_submissions
0002027076,Prospect Enhanced Yield Fund,Prospect Enhanced Yield Fund  (CIK 0002027076),False,2026-07-12,sec_submissions
0002027232,Hamilton Lane Credit Income Fund,Hamilton Lane Credit Income Fund  (CIK 0002027232),False,2026-07-12,sec_submissions
0002027343,Sphinx Opportunity Fund II,Sphinx Opportunity Fund II  (CIK 0002027343),False,2026-07-12,sec_submissions
0002028174,Sound Point Alternative Income Fund,Sound Point Alternative Income Fund  (CIK 0002028174),False,2026-07-12,sec_submissions
0002028436,T. Rowe Price OHA Flexible Credit Income Fund,T. Rowe Price OHA Flexible Credit Income Fund,False,2026-07-12,sec_submissions
0002028686,SL Investment Fund II LLC,SL Investment Fund II LLC  (CIK 0002028686),False,2026-07-12,sec_submissions
0002029168,Callodine Specialty Income Fund,Callodine Specialty Income Fund  (CIK 0002029168),False,2026-07-12,sec_submissions
0002029852,Lord Abbett Municipal Opportunities Fund,Lord Abbett Municipal Opportunities Fund,False,2026-07-12,sec_submissions
0002031142,Russell Investments Strategic Credit Fund,Russell Investments Strategic Credit Fund  (CIK 0002031142),False,2026-07-12,sec_submissions
0002031283,Stone Point Credit Income Fund,Stone Point Credit Income Fund  (CIK 0002031283),False,2026-07-12,sec_submissions
0002031546,FT Vest Total Return Income Fund: Series A3,FT Vest Total Return Income Fund: Series A3,False,2026-07-12,sec_submissions
0002031750,Ares Core Infrastructure Fund,Ares Core Infrastructure Fund  (CIK 0002031750),False,2026-07-12,sec_submissions
0002033164,Rockefeller Municipal Opportunities Fund,Rockefeller Municipal Opportunities Fund,False,2026-07-12,sec_submissions
0002033362,"Audax Private Credit Fund, LLC","Audax Private Credit Fund, LLC  (CIK 0002033362)",False,2026-07-12,sec_submissions
0002033382,Silver Point Private Credit Fund,Silver Point Private Credit Fund  (CIK 0002033382),False,2026-07-12,sec_submissions
0002033620,Coller Private Credit Secondaries,Coller Private Credit Secondaries  (CIK 0002033620),False,2026-07-12,sec_submissions
0002035713,"Crestline Lending Solutions, LLC","Crestline Lending Solutions, LLC  (CIK 0002035713)",False,2026-07-12,sec_submissions
0002035726,Nuveen Enhanced CLO Income Fund,Nuveen Enhanced CLO Income Fund,False,2026-07-12,sec_submissions
0002036648,FT Vest Rising Dividend Achievers Total Return Fund,FT Vest Rising Dividend Achievers Total Return Fund,False,2026-07-12,sec_submissions
0002037804,New Mountain Private Credit Fund,NEW MOUNTAIN PRIVATE CREDIT FUND,False,2026-07-12,sec_submissions
0002038912,Cantor Fitzgerald Energy Fund,Cantor Fitzgerald Energy Fund  (CIK 0002038912),False,2026-07-12,sec_submissions
0002041175,Neuberger Asset-Based Credit Fund,NB Asset-Based Credit Fund  (CIK 0002041175),True,2026-07-12,sec_submissions
0002041672,JETSTREAM VENTURE FUND,JETSTREAM VENTURE FUND  (CIK 0002041672),False,2026-07-12,sec_submissions
0002041841,Lord Abbett Private Credit Fund S,Lord Abbett Private Credit Fund S  (CIK 0002041841),False,2026-07-12,sec_submissions
0002041900,Columbia Credit Income Opportunities Fund,Columbia Credit Income Opportunities Fund,False,2026-07-12,sec_submissions
0002042256,iDirect Private Credit Fund,"iDirect Private Credit Fund, L.P.  (CIK 0002042256)",True,2026-07-12,sec_submissions
0002043133,TCW Steel City Senior Lending BDC,TCW Steel City Perpetual Levered Fund LP  (CIK 0002043133),True,2026-07-12,sec_submissions
0002043759,LAGO Evergreen Credit,LAGO Evergreen Credit  (CIK 0002043759),False,2026-07-12,sec_submissions
0002045370,Remora Capital Corp,Remora Capital Corp  (CIK 0002045370),False,2026-07-12,sec_submissions
0002046200,"AMG Pantheon Infrastructure Fund, LLC","AMG Pantheon Infrastructure Fund, LLC  (CIK 0002046200)",False,2026-07-12,sec_submissions
0002049733,Blackstone Private Real Estate Credit & Income Fund,BLACKSTONE PRIVATE REAL ESTATE CREDIT & INCOME FUND,False,2026-07-12,sec_submissions
0002049810,Virtus Global Credit Opportunities Fund,Virtus Global Credit Opportunities Fund  (CIK 0002049810),False,2026-07-12,sec_submissions
0002050541,First Eagle Tactical Municipal Opportunities Fund,First Eagle Tactical Municipal Opportunities Fund  (CIK 0002050541),False,2026-07-12,sec_submissions
0002051024,Champion Fund,Champion Fund  (CIK 0002051024),False,2026-07-12,sec_submissions
0002051511,Oaktree Asset-Backed Income Fund Inc.,Oaktree Asset-Backed Income Fund Inc.  (CIK 0002051511),False,2026-07-12,sec_submissions
0002052152,Apollo Origination II (Levered) Capital Trust,Apollo Origination II (L) Capital Trust  (CIK 0002052152),True,2026-07-12,sec_submissions
0002052153,Apollo Origination II (UL) Capital Trust,Apollo Origination II (UL) Capital Trust  (CIK 0002052153),False,2026-07-12,sec_submissions
0002052250,GoldenTree Opportunistic Credit Fund,GoldenTree Opportunistic Credit Fund  (CIK 0002052250),False,2026-07-12,sec_submissions
0002053084,"Fundrise Real Estate Interval Fund II, LLC","Fundrise Real Estate Interval Fund II, LLC  (CIK 0002053084)",False,2026-07-12,sec_submissions
0002054992,Lincoln Bain Capital Total Credit Fund,Lincoln Bain Capital Total Credit Fund  (CIK 0002054992),False,2026-07-12,sec_submissions
0002055004,Pursuit Asset-Based Income Fund,Pursuit Asset-Based Income Fund  (CIK 0002055004),False,2026-07-12,sec_submissions
0002055855,Megacorn Fund,Megacorn Fund  (CIK 0002055855),False,2026-07-12,sec_submissions
0002056164,JPMorgan Credit Markets Fund,JPMorgan Credit Markets Fund  (CIK 0002056164),False,2026-07-12,sec_submissions
0002056760,Regan Capital Alternative Income Fund,Regan Capital Alternative Income Fund  (CIK 0002056760),False,2026-07-12,sec_submissions
0002061174,Sound Point Direct Lending BDC,Sound Point Direct Lending BDC  (CIK 0002061174),False,2026-07-12,sec_submissions
0002061670,Monroe Capital Enhanced Corporate Lending Fund,Monroe Capital Enhanced Corporate Lending Fund  (CIK 0002061670),False,2026-07-12,sec_submissions
0002063706,Calamos Aksia Hedged Strategies Fund,Calamos Aksia Hedged Strategies Fund  (CIK 0002063706),False,2026-07-12,sec_submissions
0002063946,Franklin BSP Lending Fund,Franklin BSP Lending Fund  (CIK 0002063946),False,2026-07-12,sec_submissions
0002065397,Antares Strategic Credit Fund II LLC,Antares Strategic Credit Fund II LLC  (CIK 0002065397),False,2026-07-12,sec_submissions
0002065443,AAM Alternatives Trust,AAM Alternatives Trust  (CIK 0002065443),False,2026-07-12,sec_submissions
0002066579,Privacore VPC Asset Backed Credit Fund,Privacore VPC Asset Backed Credit Fund  (CIK 0002066579),False,2026-07-12,sec_submissions
0002066799,StepStone Private Equity Strategies Fund,StepStone Private Equity Strategies Fund  (CIK 0002066799),False,2026-07-12,sec_submissions
0002066811,TCW SPECIALTY LENDING LLC,TCW SPECIALTY LENDING LLC  (CIK 0002066811),False,2026-07-12,sec_submissions
0002066993,Origin Real Estate Credit Fund,Origin Real Estate Credit Fund  (CIK 0002066993),False,2026-07-12,sec_submissions
0002067434,Banner Ridge DSCO Private Markets Fund,Banner Ridge DSCO Private Markets Fund  (CIK 0002067434),False,2026-07-12,sec_submissions
0002067955,Diameter Dynamic Credit Fund,Diameter Dynamic Credit Fund  (CIK 0002067955),False,2026-07-12,sec_submissions
0002070029,Man Alternative Income Fund,Man Alternative Income Fund  (CIK 0002070029),False,2026-07-12,sec_submissions
0002070546,TCG Strategic Income Fund,TCG Strategic Income Fund  (CIK 0002070546),False,2026-07-12,sec_submissions
0002071136,Nuveen Churchill BDC V,Nuveen Churchill BDC V  (CIK 0002071136),False,2026-07-12,sec_submissions
0002071525,Pre-IPO & Growth Fund,Pre-IPO & Growth Fund  (CIK 0002071525),False,2026-07-12,sec_submissions
0002074612,LibreMax Asset-Backed Income Fund,LibreMax Asset-Backed Income Fund  (CIK 0002074612),False,2026-07-12,sec_submissions
0002076294,IDA Private Access Fund,IDA Private Access Fund  (CIK 0002076294),False,2026-07-12,sec_submissions
0002077250,Stone Point Credit Income Fund - Select,Stone Point Credit Income Fund - Select  (CIK 0002077250),False,2026-07-12,sec_submissions
0002077697,"RiverNorth Short Prime Unicorn Fund I, Inc","RiverNorth Short Prime Unicorn Fund 2028, Inc  (UNID)  (CIK 0002077697)",True,2026-07-12,sec_submissions
0002077715,"RiverNorth Long Prime Unicorn Fund I, Inc.","RiverNorth Long Prime Unicorn Fund 2028, Inc.  (UNIU)  (CIK 0002077715)",True,2026-07-12,sec_submissions
0002078146,PennantPark Enhanced Income Fund,PennantPark Enhanced Income Fund  (CIK 0002078146),False,2026-07-12,sec_submissions
0002079872,CAZ GP Stakes Fund,CAZ GP Stakes Fund  (CIK 0002079872),False,2026-07-12,sec_submissions
0002082557,Golub Capital Private Income Fund S,GOLUB CAPITAL PRIVATE INCOME FUND S,False,2026-07-12,sec_submissions
0002082559,Golub Capital Private Income Fund I,GOLUB CAPITAL PRIVATE INCOME FUND I,False,2026-07-12,sec_submissions
0002083477,"APS BDC, LLC","APS BDC, LLC  (CIK 0002083477)",False,2026-07-12,sec_submissions
0002083703,Sixth Street Dynamic Alternatives Fund,Sixth Street Dynamic Alternatives Fund  (CIK 0002083703),False,2026-07-12,sec_submissions
0002086532,Alger Next Gen Growth Fund,Alger Next Gen Growth Fund  (CIK 0002086532),False,2026-07-12,sec_submissions
0002087385,ProShares Private Equity Access Fund,ProShares Private Equity Access Fund  (CIK 0002087385),False,2026-07-12,sec_submissions
0002087834,CIBC Private Lending Strategies,CIBC Private Lending Strategies  (CIK 0002087834),False,2026-07-12,sec_submissions
0002089126,PennantPark Private Income Fund,PENNANTPARK PRIVATE INCOME FUND,False,2026-07-12,sec_submissions
0002092012,RBC BlueBay Enhanced Income Fund,RBC BlueBay Enhanced Income Fund  (CIK 0002092012),False,2026-07-12,sec_submissions
0002092387,Aristotle Pacific Enhanced CLO Income Fund,Aristotle Pacific Enhanced CLO Income Fund  (CIK 0002092387),False,2026-07-12,sec_submissions
0002093738,Destiny Alternative Fund,Destiny Alternative Fund  (CIK 0002093738),False,2026-07-12,sec_submissions
0002094939,WVB Blackstone All Privates Fund,WVB Blackstone All Privates Fund  (CIK 0002094939),False,2026-07-12,sec_submissions
0002095816,VanEck CLO Opportunities Fund,VanEck CLO Opportunities Fund  (CIK 0002095816),False,2026-07-12,sec_submissions
0002097023,OHA DIRECT CREDIT FUND,OHA DIRECT CREDIT FUND  (CIK 0002097023),False,2026-07-12,sec_submissions
0002097545,"AMG BBH Asset-Backed Credit Fund, LLC","AMG BBH Asset-Backed Credit Fund, LLC  (CIK 0002097545)",False,2026-07-12,sec_submissions
0002097666,T. Rowe Price Goldman Sachs Private Markets Fund,T. Rowe Price Goldman Sachs Private Markets Fund  (CIK 0002097666),False,2026-07-12,sec_submissions
0002097714,Axxes Real Estate Fund,Axxes Real Estate Fund  (CIK 0002097714),False,2026-07-12,sec_submissions
0002098011,Parvin Decentralized Fund,Parvin Decentralized Fund  (CIK 0002098011),False,2026-07-12,sec_submissions
0002100319,Dawson Private Markets Evergreen Fund,Dawson Private Markets Evergreen Fund  (CIK 0002100319),False,2026-07-12,sec_submissions
0002101407,Tortoise Energy & Infrastructure Interval Fund,Tortoise Energy & Infrastructure Interval Fund  (CIK 0002101407),False,2026-07-12,sec_submissions
0002102111,"Constitution Capital Evergreen Partnership Fund, LLC","Constitution Capital Evergreen Partnership Fund, LLC  (CIK 0002102111)",False,2026-07-12,sec_submissions
0002102580,GCM Grosvenor Private Equity Capital Opportunities Fund,GCM Grosvenor Private Equity Capital Opportunities Fund  (CIK 0002102580),False,2026-07-12,sec_submissions
0002103519,Nilsine Partners NP1X Fund,Nilsine Partners NP1X Fund  (CIK 0002103519),False,2026-07-12,sec_submissions
0002114459,Cascade Real Assets Fund,Cascade Real Assets Fund  (CIK 0002114459),False,2026-07-12,sec_submissions
0002115366,Amplifi Collective Fund,Amplifi Collective Fund  (CIK 0002115366),False,2026-07-12,sec_submissions
0002116045,G-X Private Equity,G-X Private Equity  (CIK 0002116045),False,2026-07-12,sec_submissions
0002119699,AAM/Wilshire Infrastructure Fund,AAM/Wilshire Infrastructure Fund  (CIK 0002119699),False,2026-07-12,sec_submissions
0002120416,Alpha Summit Strategic Alternatives Fund,Alpha Summit Strategic Alternatives Fund  (CIK 0002120416),False,2026-07-12,sec_submissions
0002120563,JPMorgan Tax Aware Opportunities Fund,JPMorgan Tax Aware Opportunities Fund  (CIK 0002120563),False,2026-07-12,sec_submissions
0002120567,JPMorgan Public & Private Income Fund,JPMorgan Public & Private Credit Fund  (CIK 0002120567),True,2026-07-12,sec_submissions
0002121502,Felicitas Income Fund,Felicitas Income Fund  (CIK 0002121502),False,2026-07-12,sec_submissions
0002123596,AQR Delphi Long-Short Fund,AQR Delphi Long-Short Fund  (CIK 0002123596),False,2026-07-12,sec_submissions
0002124252,Concurrent Income & Innovation Fund,Concurrent Income & Innovation Fund  (CIK 0002124252),False,2026-07-12,sec_submissions
0002124948,North Haven Strategic Credit Fund,North Haven Strategic Credit Fund  (CIK 0002124948),False,2026-07-12,sec_submissions
0002126563,Brookmont Consumer Credit Fund,Brookmont Consumer Credit Fund  (CIK 0002126563),False,2026-07-12,sec_submissions
0002128311,CAZ GP Stakes Growth Fund,CAZ GP Stakes Growth Fund  (CIK 0002128311),False,2026-07-12,sec_submissions
0002128647,Third Lake Partners Alternative Yield Strategy Fund,Third Lake Partners Alternative Yield Strategy Fund  (CIK 0002128647),False,2026-07-12,sec_submissions
0002130102,Clearlake Private Markets Fund,Clearlake Private Markets Fund  (CIK 0002130102),False,2026-07-12,sec_submissions
0002132363,AB Tax-Aware Credit Opportunities Fund,AB Tax-Aware Credit Opportunities Fund  (CIK 0002132363),False,2026-07-12,sec_submissions
0002132481,Advisor Linx Private Strategies Fund,Advisor Linx Private Strategies Fund  (CIK 0002132481),False,2026-07-12,sec_submissions
0002132643,American Beacon Asset-Based Income Fund,American Beacon Asset-Based Income Fund  (CIK 0002132643),False,2026-07-12,sec_submissions
0002134782,SEI Carlyle Private Markets Fund,SEI Carlyle Private Markets Fund  (CIK 0002134782),False,2026-07-12,sec_submissions
